No.;Type;E(HOMO);E(LUMO);He8_steric;PA;Q(Pd);BE(Pd);Pd-Cl trans;P-Pd;DP-A(Pd);DA-P-A(Pd);PC1;PC2;PC3;PC4;BDE1;BDE2;BDE3;COMP1;DIM1;REORG1;REDOX1;REDOX2;REDOX3;REDOX4;A_NBO_P;B_NBO_Pd;B_NBO_P;B_LENGTH_Pd_P;B_B1;B_lval;B_newB5;C_NBO_Pd;C_NBO_P;C_LENGTH_Pd_P;C_ANGLE_P_Pd_P;D_NBO_Pd;D_NBO_P;D_LENGTH_Pd_P;D_LENGTH_Pd_Pd;D_ANGLE_P_Pd_P;D_ORDER_Pd_Pd;E_NBO_Pd;E_NBO_P;E_LENGTH_Pd_P;E_ANGLE_I_Pd_I;F_NBO_Pd;F_NBO_P;F_LENGTH_Pd_P;F_ANGLE_P_Pd_P;F_ANGLE_I_Pd_I;G_NBO_Pd;G_NBO_P;G_LENGTH_Pd_P;G_LENGTH_Pd_Pd;G_TORSION_Pd_I_I_Pd;G_ORDER_Pd_Pd;PC1';PC2';PC3';PC4';Cluster
15;R;-0.175;0.0235;37.82;247.52;-1.2570000000000001;30.03;2.379;2.3369999999999997;0.004;1.2;3.9739999999999998;-0.843;-0.153;-0.008;-51.27576221;-31.01155965;-31.53837521;-53.67051228;-25.4676268;-45.205013799999996;93.20744964;126.6137594;126.08694380000001;134.55244230000002;0.82404;-0.19727999999999998;1.00587;2.239628088;3.81735817;7.533755317000001;5.257660239;-0.53475;1.0042149999999999;2.3184531230000003;179.97437649999998;-0.29204;1.10544;2.302022729;2.665865527;177.23015690000003;0.4455;-0.11735;1.38291;2.249546015;156.8284839;-0.37708;1.2068299999999998;2.388573341;171.4046031;153.6996009;-0.379685;1.297005;2.312151505;3.226557132;103.0598421;0.1171;-0.9867878040000001;0.414055931;0.017615135;-0.63263922;0
16;R;-0.17267000000000002;0.02754;23.38;250.8;-1.2;23.9;2.3819999999999997;2.418;0.016;-0.9;5.544;-2.6919999999999997;-1.676;0.102;-42.20337544;-34.27049698;-9.695311684;-48.90593933;-8.061531087999999;-40.56959485;96.40797524;137.38103610000002;161.9562214;170.2925659;0.8547899999999999;-0.1545;1.0039200000000001;2.238188043;4.0522636069999995;6.562046669;4.895420276;-0.47696000000000005;1.017205;2.31287336;179.6571981;-0.270395;1.12565;2.323136597;2.6945411110000004;176.6696464;0.4334;-0.15338;1.37778;2.2817062999999997;138.862425;-0.17255;1.18903;2.48733578;158.3132856;112.95656699999999;-0.27801;1.232615;2.413733779;4.305072603999999;174.45157859999998;0.0264;1.1987169359999998;1.162346506;0.901050785;-0.055612373;3
19;R;-0.1834;0.019;31.31;243.63;-1.2819999999999998;28.25;2.377;2.3080000000000003;-0.017;6.5;3.197;-0.314;-0.384;-2.033;-42.17946482;-32.2421723;-11.9834548;-39.49255637;-18.396413;-48.59242303;107.2966368;136.8519006;157.11061809999998;148.0107515;0.7712899999999999;-0.16363;0.9410200000000001;2.227462908;4.458337281;5.886905354;6.128660553;-0.54528;0.9218149999999999;2.316329503;179.97437649999998;-0.314185;1.0413700000000001;2.317428928;2.7070616610000005;174.1229022;0.4522;-0.11183;1.33745;2.234626615;160.0827271;-0.31359000000000004;1.114865;2.403230271;168.870814;145.9211126;-0.34026;1.2052450000000001;2.314010099;3.6206291110000004;124.149654;0.0713;-0.146168569;-0.318877411;0.8776417990000001;-0.227544379;4
36;R;-0.1784;0.023;19.69;245.86;-1.275;34.79;2.379;2.3209999999999997;-0.005;1.7;3.696;0.613;-0.142;0.275;-49.99716454;-30.5316247;-30.89870646;-52.46115088;-26.89608817;-45.99454625;94.80358155;127.7991926;127.4321108;133.89871540000001;0.8173;-0.19485999999999998;0.99424;2.235148036;3.3669175680000003;7.584957142;5.2118387980000005;-0.53155;0.99587;2.314942215;179.90820019999998;-0.293325;1.09497;2.299694941;2.665404568;176.8701809;0.4444;-0.12437000000000001;1.36304;2.2533366569999997;154.98361519999997;-0.38929;1.193395;2.387945044;171.9055975;152.8805895;-0.365385;1.28004;2.31729353;3.1879549860000003;101.34117590000001;0.1254;-1.135555115;0.275201369;0.18193073399999998;-0.516077801;0
37;R;-0.1779;0.0222;18.53;246.58;-1.253;35.72;2.38;2.334;-0.002;0.5;3.734;0.141;-0.687;0.366;-47.37909262;-32.96315247;-27.93333815;-50.87151871;-24.24096244;-43.68671691;95.99889302;132.4544716;137.4842859;144.66908769999998;0.82542;-0.17818;1.0018;2.220079784;3.901041685;6.6104154820000005;4.873902396;-0.51915;0.9981899999999999;2.301508896;178.4948351;-0.282955;1.107875;2.293424174;2.678518441;177.2734756;0.4349;-0.13626;1.34748;2.247405751;148.90765349999998;-0.34576999999999997;1.2046700000000001;2.4410598269999997;179.70953630000002;179.97437649999998;-0.38715;1.28405;2.346423558;3.102410735;95.39119692;0.1369;-0.904739225;0.44782020100000003;0.106396436;-0.301205115;0
38;R;-0.1761;0.0229;25.93;246.89;-1.2670000000000001;30.17;2.378;2.334;0.002;1.3;3.8110000000000004;-0.223;-0.366;-0.019;-50.92249319;-30.20225249;-31.20785968;-53.73883552;-26.14644147;-45.86107498;94.0030727;127.0216675;126.01606029999999;133.8938209;0.82086;-0.19593;1.0001200000000001;2.237134485;3.3764791769999998;7.5603090360000005;5.235634032;-0.53296;1.00007;2.316719531;179.89724030000002;-0.29266;1.099785;2.300977308;2.6656717619999997;176.50529;0.445;-0.12003;1.37537;2.249163535;157.0384519;-0.38409;1.20025;2.38865024;171.74234130000002;153.42622590000002;-0.37885;1.28644;2.316204306;3.239472663;103.3217644;0.1152;-1.040206489;0.31654996;0.12716866699999999;-0.580331248;0
39;R;-0.1752;0.0227;16.68;248.6;-1.285;31.24;2.379;2.323;0.0;3.4;3.8169999999999997;0.10099999999999999;0.261;0.21899999999999997;-56.01508858;-32.34387841;-26.76664927;-55.68274072;-19.47351424;-48.72195354;91.97737288;123.9889034;129.56613259999997;136.5269198;0.8221200000000001;-0.20198;1.01919;2.216885084;3.9221153460000004;7.590757627;6.278540545;-0.5609;1.0006700000000002;2.297586603;177.2065799;-0.29690500000000003;1.119725;2.282242439;2.663849321;178.788147;0.4417;-0.11839000000000001;1.4025299999999998;2.2340885580000003;159.4103993;-0.34039;1.19713;2.384783666;166.97534330000002;157.61455700000002;-0.362885;1.2958049999999999;2.300573919;3.2300595289999996;103.54469449999999;0.1215;-1.2753532459999999;0.44277558200000006;0.071003143;-0.637937223;0
40;R;-0.1788;0.02253;15.0;245.67;-1.266;35.99;2.379;2.332;-0.008;0.5;3.12;0.8290000000000001;-0.6559999999999999;1.1059999999999999;-51.0236747;-31.19226921;-19.92370461;-53.84572549;-16.24333253;-47.34330262;93.51107638;127.52539640000002;138.79396100000002;145.29638380000003;0.8313;-0.18128;1.00462;2.223468919;3.373343621;6.6140103439999995;4.871761933;-0.49171000000000004;1.0000799999999999;2.3051580990000002;177.23092680000002;-0.29853;1.11291;2.292271864;2.665317769;178.0234827;0.446;-0.12629;1.3708;2.244692255;156.5000908;-0.32531;1.184475;2.421913326;164.9755715;158.8466158;-0.348165;1.254485;2.3254738219999997;4.081616692;167.3942263;0.03;-0.36345092799999995;0.181895296;0.817959696;-0.657653422;4
41;R;-0.1725;0.0283;20.96;250.18;-1.2;21.83;2.379;2.43;0.018000000000000002;-1.4;5.136;-2.7430000000000003;-1.768;-0.113;-51.14874048;-34.25412024;-17.19957731;-53.66269352;-14.99009691;-48.93926008;91.43238339;128.20045670000002;145.2549996;149.978433;0.8447600000000001;-0.17376;1.0130299999999999;2.2355374869999998;3.680801471;6.58122473;4.885604026;-0.49296999999999996;1.014965;2.313603805;178.90640969999998;-0.293515;1.130725;2.303348453;2.6703231819999997;178.04851530000002;0.4444;-0.1315;1.4081700000000001;2.264600213;151.30199;-0.25016;1.200605;2.482924965;164.2660208;151.7624022;-0.319535;1.279885;2.358548501;4.18213362;175.18619950000001;0.0276;0.40255415899999997;0.744353335;0.6978372979999999;-0.610527754;3
42;R;-0.1766;0.022000000000000002;30.21;248.25;-1.2409999999999999;29.09;2.379;2.356;0.002;0.7;4.753;-2.134;-1.463;-0.644;-45.0423351;-34.38771011;7.429553092999999;-50.19921131;-12.41953562;-64.89142381;95.32458009;134.8691664;176.6864296;161.9942171;0.84696;-0.15700999999999998;1.00447;2.237408116;4.001879698;6.575756292;6.19866738;-0.50726;1.008535;2.31141818;176.46280910000002;-0.297665;1.12273;2.324996214;2.696282317;178.17152019999997;0.4437;-0.24849000000000002;1.23058;2.327086571;91.94773983;-0.25006;1.17341;2.4660328;160.512844;116.34644420000001;-0.30954;1.25201;2.353171629;3.563623606;114.587419;0.0813;0.657120974;1.031864858;0.32093707899999996;-0.0023728;3
43;R;-0.1727;0.026000000000000002;22.86;250.62;-1.249;33.95;2.379;2.364;0.004;1.3;5.166;-1.3030000000000002;-0.076;0.069;-52.12235285;-34.98331577;-18.41620528;-54.46544759;-16.92394314;-50.630090700000004;90.02270589;127.34911640000001;143.9162269;147.75158380000002;0.8552700000000001;-0.17793;1.02625;2.2362456330000002;4.002638818;7.113406241;6.617039697;-0.50544;1.02591;2.312443608;177.9469813;-0.28878000000000004;1.14478;2.302915739;2.669695167;177.32317719999998;0.4433;-0.13088;1.43049;2.265255695;151.0914476;-0.24865;1.21553;2.476750698;162.9741561;149.8137128;-0.31998000000000004;1.299765;2.352620413;3.5253533360000002;114.35205500000001;0.0855;-0.330529678;0.977002068;0.011642211000000001;-0.5071535979999999;0
44;R;-0.18216;-0.030310000000000004;22.57;247.13;-1.2409999999999999;35.82;2.376;2.342;0.002;1.0;3.7289999999999996;-1.037;-0.33799999999999997;-0.28600000000000003;-48.84375816;-30.02699285;-16.32027774;-55.91038234;-14.79431395;-47.31779436;92.80543442;129.89905149999998;143.6057666;152.1983546;0.8480700000000001;-0.17265;1.00875;2.233937279;3.821403955;9.435426248999999;5.513054087;-0.48363;1.00624;2.3115161459999998;176.68851130000002;-0.2914;1.12176;2.304107144;2.67069452;177.415579;0.4435;-0.14098;1.38332;2.263385536;150.8069868;-0.3181;1.201055;2.436403143;154.6668946;143.1800178;-0.32933;1.255625;2.366215972;3.424117126;107.86508570000001;0.0924;-0.312084741;0.603844454;0.043848094000000004;0.15429663;0
45;R;-0.1706;0.0232;30.37;253.62;-1.194;23.5;2.378;2.4290000000000003;0.019;-0.8;5.502999999999999;-3.139;-1.6769999999999998;-0.36200000000000004;-44.15817735;-35.02008092;-10.39396633;-50.7192598;-11.00277605;-44.76698707;94.35966878;135.9408322;160.5669467;166.51921950000002;0.86967;-0.1618;1.02931;2.2390830840000002;4.0582448310000006;7.344360182999999;6.8785786270000004;-0.49551999999999996;1.034165;2.310598664;178.27374469999998;-0.263235;1.14571;2.323580169;2.6961112710000004;176.57578830000003;0.4306;-0.15484;1.4157799999999998;2.2846494440000003;138.73296580000002;-0.14533;1.209655;2.492476324;158.5909544;112.5559285;-0.270445;1.25784;2.400578644;3.492657745;107.6854628;0.0927;0.727743405;1.593900011;0.056527521;0.20928987699999999;3
46;R;-0.1717;0.0208;28.52;250.35;-1.229;28.69;2.378;2.3890000000000002;-0.005;3.7;6.0489999999999995;-0.146;3.1189999999999998;-2.206;-44.80660802;-35.77356923;0.024209944;-53.136602100000005;-9.220423162000001;-54.05124112;91.96129609;136.06485940000002;171.8626386;170.9479996;0.85254;-0.15944;1.0086;2.232988968;4.026329144;6.629000595;7.011495026;-0.5003;1.01312;2.312957855;179.97437649999998;-0.2867;1.1355899999999999;2.31068202;2.705827111;169.7909059;0.4318;-0.17673;1.40363;2.271032424;141.5099137;-0.25632;1.1942700000000002;2.469270467;158.658501;127.25493590000002;-0.279355;1.231755;2.409059983;3.709239017;117.6720063;0.0706;0.64951048;1.235999873;0.268430436;0.11313671900000001;3
47;R;-0.1806;0.0156;27.5;244.77;-1.2309999999999999;28.29;2.376;2.339;-0.002;0.4;3.333;-1.943;-1.6980000000000002;-0.713;-39.71813725;-31.95775048;-9.921493091;-43.30142608;-15.50732162;-45.30396577;103.97443840000001;139.5154777;161.5517351;159.5491954;0.81103;-0.16068;0.97405;2.228971049;3.982469122;6.614569455;6.196219991;-0.5304399999999999;0.9663299999999999;2.308417843;176.44592230000003;-0.28384499999999996;1.084275;2.315552469;2.680799456;169.11102769999997;0.456;-0.1235;1.37416;2.254329654;157.4541584;-0.28074;1.1430049999999998;2.4194187680000003;170.0695594;140.5008025;-0.34243;1.208205;2.343989564;3.5333788189999997;115.2009544;0.0823;0.109379831;0.23444198800000002;0.578604851;0.210657961;4
49;R;-0.1763;0.0232;20.75;249.48;-1.272;34.86;2.378;2.324;-0.003;1.5;3.915;0.301;-0.298;0.171;-51.66390382;-31.53914517;-32.76502262;-53.85598527;-26.64027514;-45.53915633;93.03687247;126.76809909999999;125.5422216;133.85905060000002;0.8320000000000001;-0.2047;1.02156;2.237102141;3.84489933;7.582736347000001;6.56230561;-0.55104;1.0083799999999998;2.314762242;179.13161090000003;-0.289085;1.114185;2.299712475;2.664611375;175.006748;0.4451;-0.11918;1.3976;2.255958688;154.44416940000002;-0.3709;1.20379;2.3789364219999998;172.71207819999998;149.62896819999997;-0.381075;1.294805;2.3205921640000002;3.379729829;109.8627456;0.0962;-1.07135581;0.41503209;0.055452056;-0.61487683;0
50;R;-0.17300000000000001;0.0245;18.49;252.65;-1.25;38.23;2.38;2.3369999999999997;-0.004;0.8;4.1530000000000005;0.8420000000000001;-0.552;0.361;-48.35674803;-32.73340995;-30.27748209;-53.63074701;-25.69806962;-43.77733556;93.78069713;131.7881061;134.2440339;144.09744540000003;0.8415;-0.18846;1.02839;2.220895031;4.287438166;6.680616197000001;6.803008496;-0.53554;1.006335;2.299800222;169.94456540000002;-0.27208499999999997;1.1234899999999999;2.2951871280000002;2.67898052;176.9206686;0.4332;-0.13037;1.36955;2.249462624;147.8446595;-0.32861;1.2246700000000001;2.440060772;179.8641689;179.9079436;-0.376735;1.3150950000000001;2.348409911;3.090736596;94.75293371;0.1399;-0.941889448;0.637970598;-0.23946426699999998;-0.365896476;0
52;R;-0.1778;-0.0288;26.39;252.42;-1.24;36.17;2.377;2.345;0.004;0.8;3.9339999999999997;-1.6669999999999998;-0.8390000000000001;0.10400000000000001;-49.85095608;-46.93942935;-21.3355169;-49.50410648;-33.85403022;-62.3694694;81.63245207;128.2250318;153.82894430000002;140.96358130000002;0.8305299999999999;-0.19424;1.00231;2.220362706;3.469758806;9.173957027;6.795452525;-0.50659;1.00309;2.2880912369999997;166.1788956;-0.276945;1.11212;2.284947525;2.672783885;166.1996205;0.4454;-0.12397000000000001;1.369;2.244499879;161.0852605;-0.3145;1.16543;2.403273233;168.5992052;150.8235767;-0.361815;1.272665;2.309643448;3.095525195;96.86262518;0.1375;-0.815093455;0.313644221;-0.295300426;0.114542719;0
54;R;-0.1731;0.019;19.31;253.11;-1.2670000000000001;36.45;2.377;2.333;-0.004;0.8;4.3260000000000005;0.06;-0.68;0.479;-54.03016935;-33.33868804;-11.21174926;-57.61108997;-18.58011641;-61.39853651;88.79242332;125.71203200000001;147.8389708;144.0515242;0.86485;-0.20137;1.06313;2.2337553359999998;4.54769837;8.33601163;6.82566991;-0.52066;1.0306600000000001;2.309575353;170.1923998;-0.284475;1.15001;2.302055522;2.669974386;178.64246359999999;0.4446;-0.12968;1.45098;2.263933569;152.2540785;-0.21634;1.19823;2.520942775;164.1689321;149.5368142;-0.332865;1.308735;2.349930391;3.493393997;113.88374340000001;0.087;-0.382255264;0.950224829;-0.268252889;-0.60675704;0
55;R;-0.16899999999999998;0.0206;32.18;256.19;-1.194;23.88;2.378;2.436;0.021;-0.7;5.775;-3.378;-1.6969999999999998;-0.32899999999999996;-45.26975395;-35.78793292;-12.98973468;-52.58932597;-7.957535192999999;-40.23755447;92.30133721;135.4088421;158.2070404;170.5588119;0.88128;-0.17057;1.05431;2.23998467;4.421947313;7.347247802999999;6.883764203999999;-0.49606999999999996;1.0466;2.311211609;168.02967890000002;-0.255085;1.1632799999999999;2.325782713;2.6984134539999998;176.54929040000002;0.4286;-0.15172;1.44481;2.288672429;137.83611069999998;-0.1305;1.2323549999999999;2.502735463;158.448845;112.14334640000001;-0.27516;1.2981850000000001;2.4060178430000003;4.2466592080000005;166.4307993;0.0311;1.148678969;1.617157271;0.294505905;-0.10167978300000001;3
60;R;-0.1795;-0.0603;24.22;252.72;-1.216;29.76;2.376;2.322;0.008;-0.7;2.655;-2.269;-0.841;-0.47;-55.13164305;-35.53187767;-22.17808646;-53.21370419;-23.19555546;-56.14911206;93.87425879999999;127.4881976;140.8419888;137.90658100000002;0.85414;-0.01574;0.97045;2.2880709880000003;4.135830835;8.748334724;8.366799132999999;-0.38119000000000003;0.972355;2.3090331969999998;148.98521499999998;-0.228255;1.0745200000000001;2.287611774;2.678594676;164.90429790000002;0.4512;-0.15142;1.40476;2.237255882;158.5918493;-0.24511999999999998;1.1427200000000002;2.409562153;161.08205990000002;160.7850945;-0.40534000000000003;1.292665;2.302592284;3.9435914139999997;157.6635448;0.0461;0.216921263;-0.779848422;-0.466573997;-0.27207006699999997;5
61;R;-0.1713;-0.0408;44.88;254.68;-1.193;17.14;2.38;2.364;0.037000000000000005;-0.6;5.197;-5.632000000000001;-1.431;-1.704;-48.32826663;-31.93919126;-3.3390401730000003;-50.93368608;-13.83487075;-58.82409721;94.3989948;128.9436055;157.5437566;149.6533455;0.87954;-0.15092;1.01641;2.2600281069999997;3.986400478;10.33231781;8.798577587;-0.47231999999999996;1.028605;2.3334185069999998;176.7625499;-0.28789499999999996;1.1483;2.348610953;2.6977314839999997;178.0852729;0.4514;-0.15932000000000002;1.42936;2.267859054;148.86249980000002;-0.25479;1.21571;2.465983703;161.57162219999998;132.40308810000002;-0.337645;1.29227;2.371901928;4.174498573;179.9614857;0.0291;0.9633967309999999;0.648155655;-0.185333521;-0.302855739;3
73;Ar;-0.1817;-0.0487;30.11;244.1;-1.23;25.85;2.3819999999999997;2.323;0.008;1.1;2.516;-4.169;0.005;0.723;-46.35547717;-29.45402146;-25.92744944;-52.12954348;-26.99796183;-47.42598955;93.41312717;128.6412149;132.167787;136.8713409;0.85546;-0.11852;0.9650200000000001;2.232798334;4.427201386;7.178688656;6.590666725;-0.38276;0.960075;2.300248815;156.7271845;-0.274005;1.07463;2.309418177;2.6668462490000002;174.7590229;0.446;-0.10222;1.33179;2.2355844769999997;159.27598369999998;-0.35562;1.1433;2.37911826;171.7125399;167.49516200000002;-0.3757;1.2186549999999998;2.313669081;3.302551938;108.1201355;0.1017;-0.523022739;-0.6050558079999999;-0.128763969;0.016822197;2
76;Ar;-0.16577999999999998;-0.036930000000000004;16.47;257.35;-1.2570000000000001;22.46;2.379;2.3080000000000003;-0.004;0.7;2.59;-1.976;1.325;0.6659999999999999;-49.48260801;-30.48596083;-25.88157222;-50.59173105;-23.16049023;-46.76152601;95.88206957;127.47715339999999;132.08154209999998;135.91174709999999;0.85309;-0.14862;0.98324;2.232329926;4.5769068630000005;8.27943333;6.525329716;-0.4629;0.99179;2.302131606;166.8002287;-0.28355;1.09156;2.299421616;2.668491494;179.4922013;0.4419;-0.10474000000000001;1.35491;2.228323005;160.00455459999998;-0.36041;1.176695;2.3691279130000003;168.790954;170.2323498;-0.38011999999999996;1.243205;2.30381111;3.2833951339999996;107.0305071;0.1041;-0.841210279;-0.247035883;-0.312245342;-0.19357578399999997;2
78;Ar;-0.16792;-0.03707;8.3;251.6;-1.24;30.7;2.374;2.305;-0.001;0.0;1.785;0.113;0.09300000000000001;1.082;-48.25902723;-29.54487228;-25.17504045;-50.37759971;-25.87812092;-48.962107700000004;97.15192917;128.8153739;133.1852058;134.6006978;0.8402700000000001;-0.14648;0.98246;2.208159669;4.939332397;8.174200062;7.959320572999999;-0.46033;0.987505;2.2875038009999997;179.9041695;-0.28856;1.0900450000000002;2.278332879;2.663424085;176.2165265;0.4349;-0.11497;1.34132;2.225896567;162.1932203;-0.39585;1.175375;2.354635067;167.2489534;171.43087590000002;-0.38902;1.24514;2.289751886;3.2715024660000003;107.70613590000002;0.1047;-1.075360625;-0.29175111800000003;-0.121804824;0.271642534;2
81;Ar;-0.1417;-0.02166;8.6;264.8;-1.27;28.0;2.378;2.311;-0.004;0.2;3.4760000000000004;0.8170000000000001;0.040999999999999995;0.55;-53.88000633;-26.67073445;-22.64559358;-56.39948207;-22.11627677;-53.35068952;94.10786176;123.29807199999999;127.32321280000001;130.3720054;0.8325899999999999;-0.17811;0.9951200000000001;2.212974215;5.660933431;8.206619291;8.626452456;-0.33119;0.9544299999999999;2.28651374;136.9957224;-0.288905;1.093595;2.282392528;2.666257271;176.3030092;0.4322;-0.13066;1.3599700000000001;2.231451977;160.70529319999997;-0.39165;1.17845;2.3606973630000003;166.500573;171.5605615;-0.38474;1.2599049999999998;2.298206323;3.1740643019999997;101.53045990000001;0.1211;-1.105697739;-0.423310604;-0.7520452390000001;-0.24021378;2
83;Ar;-0.1741;-0.0438;8.4;251.85;-1.245;32.49;2.37;2.299;-0.004;0.7;1.577;0.467;0.396;0.9940000000000001;-47.69253676;-26.56539443;-25.50964734;-53.33316318;-29.274817300000002;-51.45770671;96.6187971;128.8248179;129.880565;131.7560215;0.8377700000000001;-0.14207;0.9818600000000001;2.208796054;5.385824388;8.409442999;7.865971264;-0.31466;0.9284049999999999;2.2774680640000002;135.32264550000002;-0.28458;1.089325;2.282181048;2.661984002;175.40238019999998;0.4394;-0.11479;1.3412899999999999;2.226397734;162.5127892;-0.36932;1.1634950000000002;2.349896672;160.043958;176.69691619999998;-0.39321500000000004;1.2134850000000001;2.290254689;3.1700087239999997;103.5588056;0.1227;-1.038947023;-0.8422668529999999;-0.36366370600000003;0.451545929;2
85;Ar;-0.149;-0.0517;9.74;252.81;-1.214;36.35;2.367;2.336;-0.003;0.3;2.688;-0.002;0.209;0.028999999999999998;-47.67484726;-32.57502781;-1.063069491;-39.1016305;-1.185189115;-47.79696689;103.5356398;127.53745079999999;159.0494091;150.3540728;0.9137799999999999;-0.19184;1.04849;2.22394861;4.5390728419999995;6.59535435;7.315027357999999;-0.52635;1.049715;2.28497623;165.1048358;-0.22153;1.166715;2.274050777;2.66503246;156.23469640000002;0.4197;-0.12763;1.42984;2.232638253;155.78593999999998;-0.30196;1.2375399999999999;2.352788042;160.8873709;141.3931696;-0.32382;1.318565;2.324940657;3.156178205;98.56913181;0.1296;-0.738678597;1.054473662;-0.7839433729999999;0.837560815;0
86;Ar;-0.1787;-0.0733;23.53;245.24;-1.224;25.84;2.362;2.301;0.01;1.8;2.0269999999999997;-3.3280000000000003;2.875;-0.299;-45.12552089;-30.06565497;-25.53568899;-64.81105867;-31.28110322;-50.87093513;77.35414250000001;127.1053352;131.63530120000001;145.5754248;0.85606;-0.10955999999999999;0.95452;2.241530536;4.948040703999999;8.603164245;6.693366315;-0.36041999999999996;0.9556600000000001;2.295698422;150.8549769;-0.29197;1.0673;2.291280102;2.666130516;167.9360221;0.4427;-0.10512;1.32162;2.232719859;159.6711003;-0.36537;1.157845;2.3773763480000003;166.51521409999998;172.98498519999998;-0.34879499999999997;1.2142549999999999;2.3055125419999998;3.316540067;109.2312297;0.0986;-0.509437253;-0.8752490829999999;-0.33592557100000003;0.65898879;2
93;Ar;-0.1541;-0.0508;8.5;244.71;-1.227;33.66;2.366;2.3080000000000003;0.002;0.2;1.395;-0.125;0.24600000000000002;0.247;-53.00232134;-38.89969606;-24.98914704;-53.52544464;-18.93844316;-46.95161747;84.47523953;123.89805890000001;137.80860790000003;144.3824351;0.88151;-0.12136;1.00385;2.20348003;4.109286794;8.823461426;6.381902386;-0.47908;0.9990600000000001;2.291310115;176.90480159999998;-0.288225;1.112215;2.275468845;2.668071383;159.5862081;0.4396;-0.14121;1.3704;2.225285435;159.5104761;-0.40813;1.1983700000000002;2.35486267;168.2170448;178.7228153;-0.3743;1.25778;2.29386349;3.3020522760000004;109.19037720000001;0.0982;-1.1316654;-0.08162938;-0.307077233;0.492956215;2
96;Ar;-0.17214000000000002;-0.041589999999999995;14.43;252.06;-1.242;24.65;2.376;2.2969999999999997;-0.001;0.7;2.151;-1.395;1.238;0.599;-54.41559196;-28.94504223;-26.9619114;-56.76320541;-12.87058317;-40.32426373;91.12682141;122.4194771;124.40260790000002;140.8415496;0.8554799999999999;-0.13723;0.98211;2.21929948;4.210189589;8.610371008;6.514698175;-0.38923;0.9742049999999999;2.288088667;149.6015874;-0.27535;1.09056;2.29124093;2.663767057;176.8308515;0.4433;-0.11241;1.33151;2.229851427;162.9336509;-0.43864;1.163825;2.3665859609999997;170.5177203;173.8778834;-0.396415;1.234375;2.302864312;3.277457319;107.1220763;0.1042;-1.031104605;-0.559801882;-0.259870989;-0.072880339;2
101;Ar;-0.1905;-0.0508;9.38;242.07;-1.232;33.79;2.37;2.311;0.001;0.3;1.449;0.068;0.259;0.563;-52.34355999;-31.55862996;-28.39044117;-50.81034908;-16.61353301;-40.56665183;96.82243648;126.8478555;130.0160443;140.25974159999998;0.8321299999999999;-0.13845;0.9744299999999999;2.208731435;3.432902088;7.423598076;6.427764875;-0.42628;0.9766799999999999;2.2928761730000002;171.6512925;-0.286025;1.087775;2.276675637;2.660490527;178.10787130000003;0.4358;-0.0788;1.3387200000000001;2.219121362;163.27074019999998;-0.39759;1.173145;2.365479466;169.62950039999998;178.6613115;-0.36183000000000004;1.22276;2.299388971;3.31174176;108.94583519999999;0.0971;-1.104382183;-0.472350318;0.251693307;0.322354232;2
102;Ar;-0.1846;-0.0535;9.22;245.31;-1.228;31.75;2.3680000000000003;2.325;0.0;0.2;2.0709999999999997;-1.056;-0.3;0.6659999999999999;-47.43682287;-31.77338693;-25.71244837;-50.31119038;-19.10595682;-40.83033132;95.76046451;130.4082189;136.4691575;145.9500166;0.84854;-0.12892;0.98434;2.212795608;4.157084151;7.405313642;6.469270599;-0.47441000000000005;0.9890450000000001;2.302304279;179.15871130000002;-0.30691;1.087175;2.2954852359999998;2.671045836;179.0322156;0.4453;-0.12435;1.33797;2.239062173;156.93489419999997;-0.39611;1.1798799999999998;2.3650640640000002;166.86275659999998;146.54056359999998;-0.362375;1.23301;2.32071132;4.046541798;172.88927859999998;0.0308;-0.331545407;-0.325372062;0.672040953;0.28615329899999997;4
105;Ar;-0.1883;-0.051;10.85;246.28;-1.234;32.18;2.369;2.311;0.002;0.6;1.854;-0.349;0.715;-0.102;-49.02872411;-32.04595572;-29.98305589;-53.86010173;-26.23097579;-45.27664401;92.27973206;129.15706540000002;131.2199652;139.803423;0.8414;-0.13338;0.9831799999999999;2.21338847;4.373683249;7.599521642999999;6.582827844;-0.46902;0.9788600000000001;2.294739525;178.0394604;-0.27246;1.0892600000000001;4.936759598;2.661489047;171.786457;0.4404;-0.10594;1.3391;2.233196055;160.8162032;-0.35746;1.16937;2.373960138;176.067476;175.4497262;-0.36937;1.23932;2.29364174;3.4912257739999997;119.00983640000001;0.0814;-0.886826928;-0.48142187799999997;0.141672015;0.304123818;2
111;R;-0.18600000000000003;-0.0444;10.5;243.86;-1.27;36.16;2.373;2.3;-0.008;1.3;2.367;0.778;0.25;0.41;-51.48650438;-35.892368700000006;-29.73238593;-46.63929971;-22.56539787;-44.31951632;94.85890655;125.9040706;132.0640534;134.3838368;0.81084;-0.18055;0.9756600000000001;2.225232601;3.1276221810000004;7.285517614;6.424810954;-0.51273;0.98167;2.302073259;178.6601513;-0.30345500000000003;1.08216;2.2944588059999997;2.66447668;176.34359369999999;0.4494;-0.10720999999999999;1.3492;2.232764257;162.62906850000002;-0.38276;1.1724;2.369086648;177.6617765;162.3852441;-0.367035;1.263305;2.298679083;3.0868980689999996;97.3076604;0.1374;-1.3825316319999998;-0.22131038600000003;0.065399842;-0.026098936;2
112;R;-0.1804;-0.046;22.9;248.87;-1.228;31.38;2.376;2.354;0.006;0.0;3.8110000000000004;-1.99;-0.647;0.36200000000000004;-50.55726446;-30.10665267;-28.70983535;-52.245086799999996;-21.12306728;-42.97049639;95.13847082;126.93294579999998;128.3297632;137.6043536;0.8352;-0.15985;0.99316;2.21447384;3.677527923;7.732183817;6.472373758;-0.47097;0.99149;2.297123085;179.0903654;-0.28674499999999997;1.0930549999999999;2.290724065;2.6646199680000002;173.4901609;0.4423;-0.11414;1.37473;2.23393296;162.6275592;-0.40008;1.18966;2.374238849;172.4840509;161.888983;-0.396545;1.268205;2.3023497319999997;3.277626746;107.6468925;0.1078;-0.969295852;-0.045634920999999995;-0.055326742000000005;0.056000135;2
113;R;-0.1764;-0.0389;15.93;245.85;-1.275;35.05;2.375;2.313;-0.004;2.9;2.937;-0.687;0.5660000000000001;0.46;-46.92762464;-32.66609512;-17.02535809;-52.07298605;-17.70083755;-47.6031041;93.96175245;131.773209;147.413946;151.883828;0.8494200000000001;-0.15124;1.0005600000000001;2.238225213;3.940436408;7.310479717000001;6.482671361;-0.48103;1.009825;2.3127439180000002;178.782701;-0.300115;1.12173;2.308820087;2.677620932;176.7398382;0.4473;-0.13938;1.38174;2.255086463;153.2656473;-0.30527;1.1941700000000002;2.4269001869999998;165.59170269999998;157.9540525;-0.354985;1.263655;2.344585005;3.369690435;107.9679956;0.1009;-0.484672515;0.341688604;-0.087634165;0.036965045;0
116;R;-0.1919;-0.0646;30.22;240.85;-1.204;31.21;2.365;2.34;0.013000000000000001;-0.2;2.6519999999999997;-5.073;-0.335;0.124;-39.91698497;-28.80412869;-16.78525099;-51.15726771;-21.88766878;-45.01940276;93.96868016;134.0130916;146.03196930000001;152.1698342;0.87013;-0.08567000000000001;0.95034;2.2306778990000002;3.863725366;7.81205923;7.167485061;-0.42117;0.981625;2.304194304;177.18211540000001;-0.293195;1.103125;2.30084762;2.675975357;175.8193158;0.4548;-0.12682000000000002;1.32899;2.253766531;154.6831939;-0.32554;1.1753799999999999;2.4400845469999997;174.6933791;167.919614;-0.37711;1.22656;2.3505207809999997;3.309762801;106.5258947;0.1081;-0.10128116300000001;-0.238477076;-0.055497807;0.7716486109999999;2
119;R;-0.1548;-0.0539;24.38;252.15;-1.2329999999999999;31.21;2.373;2.364;0.009000000000000001;-0.2;4.273;-1.8319999999999999;-0.92;0.145;-44.391203000000004;-33.41251454;-13.196110000000001;-53.22668109;-13.76280756;-44.95790056;92.70131804;134.94931069999998;155.16571519999997;163.43449569999999;0.87469;-0.1642;1.025;2.231461317;4.017666703;6.665486927999999;7.441761028999999;-0.49868999999999997;1.02288;2.303112494;170.59167240000002;-0.255;1.12845;2.306563152;2.6857057039999996;177.76378400000002;0.4305;-0.13732;1.39316;2.269067091;144.2411519;-0.2308;1.198015;2.443013385;160.0458961;125.29110590000002;-0.330635;1.26795;2.374334149;3.3074078780000002;102.46517840000001;0.10800000000000001;0.142620525;0.961890145;-0.36180024200000005;0.539643914;3
120;R;-0.1731;-0.040999999999999995;34.44;252.54;-1.226;29.12;2.373;2.35;0.011000000000000001;-1.3;4.376;-4.388;-1.286;-0.33299999999999996;-46.26237358;-21.10214612;-8.955306674;-58.82723475;-12.89477994;-50.20184685;91.99171775;125.658725;137.8055645;146.4309524;0.8327899999999999;-0.17002;0.98485;2.251280402;4.712756001;8.88942447;6.830684982999999;-0.51452;0.958885;2.336797116;166.2775273;-0.29089499999999996;1.079835;2.312406766;2.689872967;168.8321239;0.444;-0.15011;1.40145;2.247719025;163.05623880000002;-0.33129000000000003;1.157765;2.397870325;170.7801025;147.6787495;-0.407005;1.2523950000000001;2.320688122;3.3369855139999998;108.71012409999999;0.1139;-0.201226292;-0.072659751;-0.433224744;0.071026737;2
121;R;-0.1716;-0.0385;34.61;254.48;-1.228;29.24;2.374;2.347;0.011000000000000001;-1.4;4.4639999999999995;-4.301;-1.526;-0.196;-47.05550794;-31.15342386;-8.764016677999999;-48.91918605;-12.82648808;-51.11797934;91.78821642;124.80531840000002;147.1947256;144.99593230000002;0.8319700000000001;-0.17514000000000002;0.98614;2.251615095;4.713015611;8.890891302;8.784728019;-0.5405399999999999;0.969405;2.3217677969999997;173.1481332;-0.29225;1.08132;2.311088808;2.6893648569999997;168.9240915;0.4433;-0.14976;1.40588;2.247913241;162.9502775;-0.33299;1.1586450000000001;2.397118845;171.04994419999997;147.67460780000002;-0.40369;1.256335;2.320666423;3.3425842560000003;108.8559625;0.1138;-0.28502357;0.081598046;-0.425733404;0.10819007;2
122;R;-0.153;-0.0486;16.76;255.59;-1.245;40.63;2.375;2.3369999999999997;-0.002;-1.7;4.31;-0.802;-1.06;0.871;-43.49726552;-12.08008436;-21.03197173;-57.60201618;-32.63819291;-55.10348670000001;111.2565041;137.4413391;128.48945179999998;130.98798119999998;0.87211;-0.01816;0.9898299999999999;2.283471059;4.206011087;7.60007885;7.391841007999999;-0.5200899999999999;1.0018799999999999;2.312100454;163.6440459;-0.287555;1.12268;2.30909753;2.678107242;177.2481657;0.4461;-0.12004000000000001;1.38701;2.248900861;155.58695659999998;-0.31615;1.19638;2.364316696;159.0704863;120.4516335;-0.312235;1.277325;2.331752172;3.377002146;107.4718452;0.1007;-0.141040098;0.023350084;-0.748564328;0.055053890999999994;5
123;R;-0.1574;-0.0704;29.17;256.55;-1.176;29.47;2.374;2.412;0.009000000000000001;-0.4;5.22;-3.011;-1.208;-1.6219999999999999;-46.270179799999994;-32.29055265;0.36558138700000004;-61.67659224;-15.05718395;-61.69294514;87.03504531;134.7320104;167.38814440000002;167.3717915;0.8755799999999999;-0.16237000000000001;1.01324;2.237100974;4.00473025;10.56107217;10.63896596;-0.4548;0.992245;2.343137254;156.64561669999998;-0.235725;1.11189;2.321484894;2.701434629;176.27373569999997;0.4438;-0.17790999999999998;1.40075;2.2792965169999997;138.6790051;-0.22245;1.189915;2.44739502;163.91922069999998;129.9443643;-0.260775;1.235085;2.398260814;4.053747021;143.8990081;0.0527;1.21776137;0.584085555;-0.431803814;0.494450275;3
142;R;-0.1846;-0.0543;27.66;244.34;-1.176;31.8;2.375;2.417;0.016;-0.6;4.56;-3.286;-1.194;-0.109;-41.90909671;-34.12194666;-5.017077132;-50.36511854;-11.68674885;-48.57876842;95.60873271;138.1867012;167.2915707;169.07792080000002;0.8709100000000001;-0.14232999999999998;1.0171;2.23875918;3.986759598;6.581438187000001;5.495988712000001;-0.48407;1.03485;2.3149260430000003;178.1249831;-0.282615;1.143445;2.319609242;2.689099113;177.2761737;0.4384;-0.15525999999999998;1.39552;2.27994999;141.5267931;-0.26081;1.23173;2.538489766;158.0356956;119.7360885;-0.3135;1.252585;2.418246585;3.5381797269999997;110.27044340000002;0.0839;0.7343641009999999;1.30873984;0.070009547;0.7098777390000001;3
143;R;-0.1914;-0.0566;18.05;240.76;-1.2109999999999999;33.58;2.3680000000000003;2.3409999999999997;0.004;1.9;3.052;-1.071;1.6159999999999999;-0.737;-42.26397717;-32.07901292;-10.36577233;-50.69865239;-18.05848659;-49.95669144;95.57870011;136.0923882;157.80562880000002;158.5475898;0.8615200000000001;-0.11988;0.9914799999999999;2.225739457;4.037464678;7.335334388;6.494239553;-0.45585;1.0111350000000001;2.301585787;179.97437649999998;-0.293195;1.1129200000000001;2.297256069;2.674558743;179.14022409999998;0.4413;-0.13859000000000002;1.36242;2.247171801;151.2176169;-0.34118000000000004;1.2049299999999998;2.4048537690000003;152.6634409;127.10876129999998;-0.346935;1.2580049999999998;2.337462539;3.09601859;95.03732079;0.1374;-0.32084139100000003;0.54083744;-0.024518581;1.0040856870000001;0
154;R;-0.185;0.0066;10.81;240.9;-1.215;31.64;2.371;2.3480000000000003;0.016;0.6;2.407;-1.34;0.135;0.495;-45.64908972;-30.64146396;-19.58634044;-51.68895651;-24.79470067;-50.85744995;95.42396881;132.1052996;143.1604231;143.9919296;0.78485;-0.13912;0.92604;2.212231445;3.524572032;8.503651739;6.252469629;-0.46152;0.93304;2.286295602;164.82191310000002;-0.29138000000000003;1.051215;2.280161408;2.662508723;177.4392244;0.4381;-0.10655999999999999;1.27806;2.23778213;155.981291;-0.35088;1.1328200000000002;2.422949949;164.34750359999998;159.6637425;-0.36835;1.17945;2.326241145;4.038625877;166.2551785;0.0308;-0.04581912;-0.716316308;1.2261646309999998;0.189210315;4
155;R;-0.1838;0.0042;16.69;241.72;-1.236;33.26;2.373;2.326;0.004;1.1;2.735;-1.831;-0.157;-0.078;-45.86187192;-31.64153213;-20.54393249;-52.04583999;-24.80304655;-50.12098597;93.32078915;131.1462893;142.243889;144.168743;0.79106;-0.12909;0.9167200000000001;2.217638977;3.6949794939999996;8.437934801;6.264602752999999;-0.46731000000000006;0.93948;2.286794698;166.1055345;-0.28686;1.05424;2.28164495;2.6646697919999998;178.52772119999997;0.4355;-0.10267000000000001;1.28506;2.23858829;155.8398605;-0.35631;1.1419549999999998;2.42148763;163.50825700000001;158.64125969999998;-0.36653;1.1896799999999998;2.32696147;4.041473141;167.0177387;0.0307;-0.113858333;-0.687661235;1.127656204;0.04802445;4
156;R;-0.1837;0.0061;17.59;242.73;-1.207;33.86;2.373;2.35;0.012;0.1;2.602;-1.475;-0.08800000000000001;0.546;-42.30630896;-31.44659002;-8.289638321;-52.30636938;-18.10251266;-52.119183299999996;94.96005731;136.40670780000002;159.5636595;159.7508455;0.80809;-0.1193;0.9258;2.2151646169999997;3.917185597;8.489733765;6.2786376079999995;-0.45568000000000003;0.9474450000000001;2.2887575140000003;168.06439890000001;-0.2681;1.06497;2.285885558;2.666844443;178.9005528;0.4358;-0.16619;1.2999399999999999;2.250195457;149.4421268;-0.30730999999999997;1.12804;2.412827986;158.41418059999998;125.30559960000001;-0.36663;1.17774;2.357418446;4.084514447;160.91663830000002;0.0309;0.494241793;-0.22484637100000002;1.153048529;0.50046247;4
157;R;-0.1839;0.0072;10.88;242.7;-1.217;31.72;2.371;2.344;0.018000000000000002;0.8;2.589;-1.22;0.34600000000000003;0.743;-48.40445256;-30.44817848;-20.61678634;-51.73344066;-20.94787918;-48.7355454;96.458299;130.2354656;140.06685769999999;143.064753;0.79757;-0.13441;0.93396;2.208483968;4.032775642;8.543928637999999;6.619848952999999;-0.44811999999999996;0.933235;2.282700487;158.1339486;-0.28189000000000003;1.065805;2.2831616319999997;2.665527361;178.2443044;0.4396;-0.12409;1.30555;2.2278771319999997;157.3737511;-0.32345;1.13887;2.389904125;162.8699791;152.62618830000002;-0.3672;1.20071;2.326359964;4.0422598910000005;167.7033403;0.031;-0.115140966;-0.652232425;1.062262517;0.13388209199999998;4
158;R;-0.1902;-0.0505;10.53;238.24;-1.196;32.34;2.367;2.34;0.015;1.0;1.2570000000000001;-1.6219999999999999;0.7340000000000001;0.184;-40.51815789;-29.88729167;-27.74217554;-50.23865655;-34.75957035;-47.53555271;97.67923168;137.287022;139.4321381;142.135242;0.79664;-0.11093;0.9113399999999999;2.2060455969999997;3.7865892089999997;8.570257462;6.321897787;-0.41946000000000006;0.9256700000000001;2.280879541;161.8073018;-0.280225;1.0324200000000001;2.27677141;2.661545082;177.66825659999998;0.4347;-0.10829000000000001;1.23444;2.243782848;151.2684503;-0.34556;1.122175;2.377456119;171.0331624;173.1215751;-0.36503;1.17478;2.300326139;4.019116562;179.5737688;0.0304;-0.016106096;-1.275826645;1.14641755;0.69409357;4
160;R;-0.1807;-0.052000000000000005;22.4;248.77;-1.248;32.75;2.376;2.311;0.0;0.8;2.855;-1.489;-0.012;-0.361;-47.65040577;-21.32154226;-14.02683218;-54.88756068;-21.70821362;-55.33178721;105.71875790000001;134.2774551;141.57216519999997;141.1279386;0.82852;0.0038;0.9465100000000001;2.267674556;3.366173178;7.2567827629999995;6.549116045;-0.31011;0.9742649999999999;2.313513168;125.4109485;-0.309825;1.07985;2.289565131;2.689794475;169.0564556;0.4478;-0.12847999999999998;1.3381;2.233817459;159.89832969999998;-0.35157;1.149985;2.396560038;169.7045501;163.7165565;-0.3807;1.224525;2.307016813;3.9075057789999996;148.62502709999998;0.0481;0.19132040399999997;-1.12371184;-0.17301584399999997;-0.226006092;5
161;R;-0.1797;-0.0502;19.15;250.71;-1.255;29.75;2.376;2.3480000000000003;0.002;4.0;3.8789999999999996;-0.149;2.503;-1.143;-47.84796459;-23.39284445;-14.09558839;-53.83427971;-23.422638600000003;-57.17501479;104.17910690000001;133.5582664;142.8555225;139.51478740000002;0.84335;0.00146;0.9557;2.268825204;4.112602742;7.252435384;6.552720988;-0.30293000000000003;0.9778399999999999;2.312695195;124.6374044;-0.31605500000000003;1.082625;2.294801035;2.697954456;172.1430141;0.4482;-0.12036;1.35522;2.2340175209999997;160.2973931;-0.34542;1.15772;2.394711678;169.7431024;164.6058173;-0.40236500000000003;1.23938;2.314345371;3.47482591;115.23322879999999;0.0867;-0.057522446;-0.88535645;-0.530178406;-0.167280614;5
162;R;-0.1725;-0.0519;45.88;253.2;-1.187;22.54;2.38;2.366;0.025;-0.8;4.744;-6.001;-1.125;-1.518;-40.06794493;-10.11773665;-2.035910019;-69.94392323;-21.13119353;-59.16322844;103.23294179999999;143.22665669999998;151.3084833;162.0891781;0.8668299999999999;0.01128;0.95793;2.285488547;3.8841367860000005;7.110361261;6.605447127000001;-0.3035;0.95583;2.3593339;144.2996998;-0.24589499999999997;1.0825049999999998;2.320286678;2.73263718;176.9314727;0.4483;-0.17277;1.35768;2.265906611;146.5030604;-0.2109;1.142565;2.507403498;171.2637753;166.9700555;-0.369935;1.2201950000000001;2.361374142;4.098165695;163.08917759999997;0.044000000000000004;1.8601953219999998;-0.661821145;-0.433194129;-0.209016316;1
163;R;-0.1766;-0.0513;20.79;250.17;-1.249;34.17;2.376;2.305;0.001;0.8;3.103;-1.126;1.227;0.302;-51.9638245;-28.59871973;-28.14368122;-55.59661504;-25.67332692;-49.493470200000004;95.5852513;127.81676159999999;128.2718001;134.3749449;0.89123;0.02441;0.9739700000000001;2.266715026;3.116365519;7.483685782999999;6.60555318;-0.26323;1.01214;2.310050909;131.17848759999998;-0.285065;1.109725;2.268886179;2.688119576;172.3292511;0.4409;-0.12410999999999998;1.37313;2.217902694;163.82467130000003;-0.41443;1.2060799999999998;2.38695686;179.97437649999998;179.97437649999998;-0.405935;1.27586;2.284766505;3.799965138;142.2746899;0.0542;-0.405676786;-0.961196229;-0.602734536;-0.482163919;5
166;R;-0.172;-0.0496;42.99;253.6;-1.188;22.37;2.378;2.365;0.023;-0.8;4.797;-5.781000000000001;-1.3159999999999998;-1.692;-39.96763126;-10.97542918;0.44850049200000003;-71.22267463;-20.09270924;-60.50884099;100.9967677;143.2272403;154.65117;165.3650036;0.8673200000000001;0.0036299999999999995;0.9601799999999999;2.2823676330000002;3.887098473;7.078719241;6.623782789;-0.37123;0.9521700000000001;2.337991136;149.8569114;-0.20032;1.063135;2.319552481;2.7157822830000002;177.60951780000002;0.4525;-0.16163;1.35554;2.264477917;144.0922428;-0.15173;1.1248799999999999;2.5271854609999997;167.90914809999998;161.5835365;-0.345875;1.213545;2.366105733;4.134591922;167.2893116;0.045;1.964057194;-0.598878104;-0.266245451;-0.101466595;1
167;R;-0.18;-0.0476;23.48;251.03;-1.238;28.17;2.375;2.312;0.006999999999999999;0.8;3.267;-2.229;0.059000000000000004;-0.841;-51.28807834;-30.75603464;-25.21130423;-55.81576019;-25.60853657;-51.68531068;96.13199406;131.4157105;136.960441;141.0908905;0.8529899999999999;-0.01976;0.96646;2.276211111;4.332305821;7.855549685;6.645556202000001;-0.46353;0.9845799999999999;2.295685915;159.23557830000001;-0.311715;1.0989149999999999;2.288224173;2.679134501;177.67363490000002;0.4414;-0.13845;1.35722;2.247756201;155.1275859;-0.28742;1.1392;2.403863733;176.1289195;164.6479387;-0.36808;1.234065;2.311423616;3.992516358;164.1721356;0.0475;0.098618563;-0.7336208670000001;-0.011734355;-0.398608196;5
168;R;-0.1709;-0.0498;43.72;256.4;-1.178;25.43;2.379;2.381;0.025;-1.0;5.605;-5.359;-0.087;-0.315;-40.59886189;-12.4197678;0.6175829270000001;-69.16761240000001;-15.44564998;-56.6620948;99.35345840000001;140.3419767;153.3793274;165.88484499999998;0.8745;-0.0167;0.9584;2.2836067680000003;3.8914691460000004;6.956802499999999;7.255077664;-0.39531;0.9537899999999999;2.344043483;150.2629385;-0.17926;1.058575;2.3270094880000003;2.7184383999999997;177.3184908;0.4496;-0.1787;1.3655700000000002;2.268526336;141.9525969;-0.15792;1.1325;2.545993706;166.66188569999997;160.9882459;-0.36349499999999996;1.223635;2.36910079;4.152866408;169.30086790000001;0.0423;2.0033866209999998;-0.442730587;-0.309178464;-0.11406336800000001;1
169;R;-0.1635;-0.0505;26.05;250.07;-1.229;27.11;2.376;2.325;-0.011000000000000001;2.7;2.997;-0.7040000000000001;0.736;-2.609;-48.27839845;-23.44505951;-18.161460899999998;-55.298052299999995;-24.88787956;-55.00481711;101.39365490000002;131.8583683;137.1419669;137.4352021;0.85998;-0.046169999999999996;0.95936;2.277648025;4.350546662;7.742890541;7.085791672999999;-0.47656000000000004;0.9844799999999999;2.297267843;163.5533486;-0.32066;1.10222;2.290802865;2.681494752;176.6661867;0.4389;-0.16975;1.39469;2.244172508;158.1243425;-0.32333;1.159965;2.413146356;172.94925940000002;168.4770533;-0.36285500000000004;1.205765;2.340003639;3.948244785;147.9000281;0.0533;0.132342349;-0.5575042570000001;-0.17645593899999998;-0.324372958;5
170;Ar;-0.1638;-0.0527;16.22;246.81;-1.202;26.86;2.3680000000000003;2.303;0.011000000000000001;-0.3;1.871;-2.195;1.085;0.5660000000000001;-42.42695394;-34.46637909;-22.52198049;-52.53158254;-31.50407617;-51.40904962;91.22220285;135.7932105;147.73760910000001;148.8601421;0.8658600000000001;-0.029480000000000003;0.93314;2.257527313;3.8346729880000003;7.8005261820000005;7.103172529;-0.48851000000000006;0.9608899999999999;2.291835734;166.1883097;-0.17627;1.053585;2.2762127519999997;2.676980691;167.29412280000003;0.4455;-0.14487;1.3075299999999999;2.229759876;158.2549361;-0.22473;1.113135;2.383186649;168.2523382;155.4873831;-0.351145;1.191195;2.308604097;3.9258214319999998;149.67274819999997;0.0526;0.433526666;-0.879107552;0.140391721;0.5280586589999999;5
171;R;-0.1606;-0.0449;31.68;255.9;-1.214;24.27;2.376;2.359;0.006;-0.1;4.048;-3.2119999999999997;-0.7490000000000001;-2.048;-50.79946179;-36.15828903;-10.58891471;-52.54780366;-27.36799163;-67.57853872;96.0838829;133.9905138;159.5598881;144.5291531;0.8658;-0.0672;0.9674200000000001;2.277811784;4.394074459;7.64909113;7.108435336;-0.5069;0.9863;2.300142286;158.2101174;-0.277125;1.093035;2.294614801;2.6826497430000003;170.7605009;0.4458;-0.14705;1.38733;2.233311874;156.5112669;-0.18504;1.108585;2.467815669;176.45643080000002;164.5977669;-0.27339;1.19828;2.332928169;4.022673238;157.17185580000003;0.0658;0.748346285;-0.38575079799999995;-0.251794173;-0.326706781;5
172;R;-0.1657;-0.0381;47.9;258.49;-1.188;19.04;2.378;2.4;0.024;-1.0;5.9879999999999995;-5.731;-0.086;-1.095;-39.61818377;-11.15377366;8.850137337;-76.31340193;-18.92094192;-67.38926303;94.0940189;141.94301069999997;161.9469217;170.8710606;0.8691;-0.05839;0.9632299999999999;2.287392314;3.88620132;7.179885053;7.001620848;-0.48858;0.9523299999999999;2.35312143;159.195243;-0.168;1.049965;2.321226244;2.7145265739999997;177.37486830000003;0.4481;-0.1397;1.35064;2.2675783369999998;137.96451330000002;-0.14662;1.11093;2.528197256;166.4572833;160.07236559999998;-0.26744;1.177475;2.3862992259999998;4.198365064;169.837761;0.0527;2.30125562;-0.270035257;-0.206157914;-0.14047144;1
173;R;-0.1695;-0.0382;24.06;255.96;-1.254;29.27;2.379;2.324;0.006999999999999999;0.9;4.506;-1.429;1.266;0.183;-52.25830215;-30.477552199999998;-17.87995386;-58.13740728;-25.67175187;-60.05010017;92.44804266;128.8047;141.4022983;139.48960549999998;0.84895;-0.09535;0.9668700000000001;2.2763800290000002;4.403423255;7.784397665;6.914615222;-0.48686999999999997;0.9496700000000001;2.283936365;147.86587240000003;-0.29018499999999997;1.0716299999999999;2.290670085;2.687343269;175.47251459999998;0.4467;-0.14326;1.3670799999999999;2.23731353;157.12015559999998;-0.23281999999999997;1.128;2.4192483890000003;173.1645789;147.345541;-0.33274000000000004;1.2053200000000002;2.329331897;4.044922578;165.4492176;0.0521;0.31248461899999996;-0.664275912;-0.034792107;-0.586550221;5
174;R;-0.1646;-0.0374;48.69;260.12;-1.249;20.65;2.376;2.367;0.017;2.6;6.353;-4.732;0.7240000000000001;-1.3980000000000001;-40.66001269;-15.27565138;9.301561396;-73.89222555;-19.967872500000002;-69.92944658;91.50021466;140.00807890000002;164.5852917;168.54807069999998;0.8713299999999999;-0.049030000000000004;0.95568;2.28968568;3.887214565;7.111007511;8.39287037;-0.48215;0.9558200000000001;2.3520233630000003;159.7842983;-0.15324000000000002;1.049605;2.318297968;2.706822977;178.0980314;0.4473;-0.12935;1.35229;2.271640918;137.9073177;-0.12928;1.1098649999999999;2.536662863;166.1767136;159.10419119999997;-0.245155;1.1726299999999998;2.395293541;4.190218786;162.3392645;0.0566;2.130961889;-0.304550402;-0.312966123;-0.290454443;1
179;R;-0.1759;-0.0511;34.58;255.91;-1.236;24.83;2.373;2.355;0.011000000000000001;2.4;5.126;-3.925;0.363;-1.071;-50.2664866;-12.0205839;34.48576412;-62.63776737;11.28461064;-73.46764007;110.86622460000001;135.25808930000002;181.76443730000003;170.9345646;0.8693200000000001;-0.018119999999999997;0.9466200000000001;2.2825257580000002;3.8812197410000002;7.054592924;7.774531225;-0.48653;0.95085;2.3808084419999997;160.08022519999997;-0.153355;1.038845;2.330200047;2.7278994169999997;173.5187749;0.4267;-0.19226;1.18339;2.346737064;84.57102842;-0.11963;1.107285;2.53781067;168.7509619;161.73994430000002;-0.20443;1.14009;2.410446309;4.247064088;171.59691030000002;0.0661;2.458707461;-0.220346803;-0.12381691800000001;-0.068554039;1
184;R;-0.1741;-0.0575;24.9;256.21;-1.239;37.46;2.375;2.354;0.0;0.8;4.416;-2.6180000000000003;-0.684;0.442;-42.84296764;-37.17900226;-23.11099855;-46.9953988;-35.77114704;-55.50311613;95.74920699;137.08064040000002;151.14864409999998;142.64092680000002;0.88879;-0.16092;1.04569;2.237268614;4.528719697;9.680528587000001;8.994569174;-0.54155;1.0355450000000002;2.309148312;174.7063019;-0.280305;1.146665;2.311721924;2.675331902;150.2529024;0.4427;-0.13733;1.41354;2.262465496;149.36479219999998;-0.3402;1.2163700000000002;2.4011209140000003;168.437152;144.86037180000002;-0.378215;1.326535;2.3442983980000003;3.0708163319999997;93.87278606;0.1507;-0.630549073;0.77264959;-1.002027886;0.542357326;0
187;R;-0.1679;-0.0749;29.03;260.23;-1.24;29.98;2.371;2.347;0.019;-1.6;5.242000000000001;-5.101;-1.7080000000000002;1.048;-39.57581433;-9.532251458;0.978840147;-74.84793507;-20.1595139;-60.71416837;97.57132515;142.3756973;152.886789;167.0205557;0.8726299999999999;0.00049;0.96026;2.283166989;3.891833847;7.092143956;9.019266359;-0.28509;0.9585049999999999;2.37681516;144.6482002;-0.19860999999999998;1.0605149999999999;2.317489354;2.715227058;176.5545507;0.4514;-0.17736;1.35985;2.26266129;141.4846935;-0.14340999999999998;1.126055;2.552361495;167.3405686;161.33608759999998;-0.31924;1.19479;2.363864284;4.160603983000001;176.3359935;0.0493;1.9957203540000001;-0.785727042;-0.606647245;0.034571969;1
