No.;k=2;k=3;k=4;k=5;k=6;k=7;k=8;k=9;k=10;k=11;k=12;k=13;k=14
1;0.10984346796620029;0.01330074945972569;0.09362054863072326;0.007777276081432537;0.03440340077690551;0.011917650883502856;0.19710575346688178;-0.08351970052242755;0.008581611845516784;0.19838783406933552;0.19221407448777136;0.19221407448777136;0.20238724124315655
2;0.2513776619749175;0.4221071348767165;0.39618045929655793;0.4188754860709482;0.4051948687715471;0.3409454620010764;0.33092081429776515;0.32807301335634714;0.329288165645908;0.3293725400809296;0.34860618002491667;0.34860618002491667;0.337012811405657
3;0.2882513404186425;0.27858923647518796;0.18626573275256003;0.16591128301300775;0.05901464745758279;0.08923040566750766;0.13906891257786128;0.20807140977851638;0.22551885839493047;0.2487262886473788;0.20315545253938364;0.19542321038869223;0.19542321038869223
4;0.17663789594453777;0.1748524491185707;0.24809394606501398;0.24033813486979871;0.13299953012850502;0.17191948097422463;0.2285427242480721;-0.006022749665166897;0.07495189619923869;0.21535225534121427;0.20855734305952273;0.20855734305952273;0.20855734305952273
5;0.32159800576699943;0.4029443888000181;0.4409619945296758;0.4510662586307364;0.35768119529907577;0.39279760692209825;0.39831320174380086;0.395452082606909;0.39785128424019256;0.3919152042838621;0.40144168944621983;0.39713669588448064;0.3794334142111682
6;0.2482934428291361;0.26892598623217084;0.24770014914614522;0.20447775296067197;0.07062225576536947;0.11160842825351562;0.19436394704978355;0.1188876642691984;0.17707035665790563;0.34298983781085285;0.32918453702087025;0.3121997168219408;0.3121997168219408
7;0.21977255920836805;0.03191768571209875;0.19755001983957435;0.08372291771316075;0.06608724743256712;0.06784954246661877;-0.06956718860266771;0.0952375505857759;0.09609768082949219;-0.08698919507768173;-0.0490424773462218;-0.06014595980319748;-0.020055285861236692
8;0.05536307400806187;0.019353959081339474;0.008324084725128253;0.22198628164738063;0.2162227196192461;0.2083483269714993;0.22651504092141578;0.20967143845656988;0.18868016126954007;0.1918651829798683;0.1607968456163676;0.16479870256532422;0.16906282745767842
9;0.3145043489942803;0.3961097968591401;0.43220927504530526;0.4472747100250075;0.3565516384291637;0.39022926860127094;0.3944037775418669;0.39355704849309275;0.39613277455991647;0.38873826725423455;0.4035612574907704;0.4008688217682315;0.3842708433930073
10;0.40948013770384867;0.26138270334324554;0.33999076716510707;0.350535831766938;0.13559783788550567;0.21442652575137044;0.25756855553100133;0.22927966783591877;0.22927966783591877;0.23767338414880465;0.16298979247282366;0.16298979247282366;0.1667542670641129
11;0.053259936654506;0.22248372531286514;0.0986684896107772;0.1274140506344462;0.1664748894347588;0.2590676718484047;-0.1470067580384618;0.19694423186688004;0.20132517301996888;-0.14425286335247198;0.13578443005698274;0.13578443005698274;0.1359148118515846
12;0.2789823056999377;0.4146621564206629;0.41028018722113324;0.43611165222268444;0.3753192738995745;0.36457184303469675;0.36402855698362974;0.35932094353415844;0.36162838486217863;0.3585039509232132;0.38075381043873313;0.38075381043873313;0.3706883316137885
13;0.33351585792207805;0.3936747439820623;0.4457987467086991;0.44769452884216504;0.3361346621607936;0.3799767405379299;0.3892042270050481;0.38475638659664885;0.38736774814727115;0.3816077632600317;0.3785026792902654;0.37365386387174504;0.35504471599413195
14;0.2800984961225824;0.1958308348813498;0.2482491145893378;0.2698479132146982;0.16522219572192393;0.2855563261348898;0.2885801979842036;0.30120521084618285;0.30120521084618285;0.2880903042678396;0.2986769364700482;0.29423510403564523;0.28530742659845015
15;0.3978131692799242;0.17550449361025405;0.12798277397884655;0.164417861454049;0.14883530410335113;0.23341687704609232;0.24181667943386137;0.25169735217674816;0.2390652789634333;0.22858379390866887;0.223110494635961;0.223110494635961;0.21853877128001312
16;0.36443837925925876;0.3138983351379729;0.2926380889274724;0.3466904427459128;0.19169633548253148;0.10581616083019928;0.08735988712112823;0.044570576021187636;0.044570576021187636;0.039505812886708014;0.03768776429621179;0.03768776429621179;0.03768776429621179
17;0.027426804259345273;0.14019457733627935;0.10124706069628266;0.2812107069612102;0.15296002491287794;0.22788780760121563;0.3041127366552687;0.2976178882473003;0.28836915205829144;0.21380338113502323;-0.036377339342572916;-0.0355556606275847;-0.07238436014518175
18;0.262680840264091;0.33223598382599673;0.3239228595335502;0.24922809091346396;0.1498241719247653;0.24610291532197417;0.2750036693309183;0.19365966312067173;0.1852494143429634;0.1702063490614839;0.11333073678132198;0.10729965644005142;0.07846577830158973
19;0.275545151506666;0.07586212241540763;0.0420934012612071;0.06288482447572677;0.07520649911792394;0.0800245441023748;0.0798905085933032;0.1002294448325995;0.1002294448325995;0.12425923512093859;0.12459903359145759;0.12459903359145759;0.12459903359145759
20;0.4103564423595422;0.20473657787474717;0.27911881580184816;0.27761848072829515;-0.021478056633658874;-0.056553705072618025;0.09790424765561262;-0.07648768547072624;-0.07648768547072624;0.0733583829342316;0.005243971596757547;0.005243971596757547;0.0019441643661350985
21;0.4235916220508559;0.19818557428257497;0.2831186365099348;0.2868348559043231;0.06269520565171086;0.13077163434728462;0.1693380109094816;0.1299453941702883;0.1299453941702883;0.13871713414313516;0.049424476450658075;0.049424476450658075;0.05403339346873779
22;0.2535382619887676;0.3105622808049475;0.3026070061513704;0.27487025425037753;0.18223937926511777;0.28657715286237473;0.3200104337873412;0.27743771138537376;0.27372800854685503;0.2526993409765466;0.19041620437239287;0.18539667887620273;0.16599527988104992
23;0.18586291910723618;0.1180396233349306;0.17705948990042994;0.08309181194347483;0.14418187474263514;0.10862028156671354;0.1302745967167961;-0.03135199417562704;0.02785987934615351;0.1129380033244507;0.12371798277129838;0.12572575663711638;0.15467498625044063
24;0.13194430405857463;0.36756947585215566;0.2541865614847802;0.271619258277701;0.3236106709886017;0.3038605327718005;0.2871214706932274;0.2802959234782389;0.2787338108876002;0.2924793440668808;0.31097475308293826;0.31097475308293826;0.30317587088222764
25;0.1199213264136384;0.15245011406551878;0.05905809929342865;0.04537088915232271;0.023200322179262656;-0.027963829447373467;-0.07000416709772418;-0.0074609086531006764;-0.014616879833643882;-0.09365068397714596;-0.05933765691160978;-0.06393387307840206;-0.03752374123332336
26;0.2636028550271294;0.4347927325364536;0.4141888680913022;0.4393449552580912;0.4185645053609302;0.3496818626361179;0.3419812811100734;0.3353618537186449;0.3367690851137709;0.3387678286230062;0.3594262995781282;0.3594262995781282;0.3464415836945684
27;0.06704302205914363;0.23255757112487815;0.05479747853699702;0.137381547299918;0.042224494747412175;0.11127943978514718;0.20206648971631108;0.21880452326604075;0.2204665460562305;0.19530182006319455;-0.05630744277896334;-0.05494687487477224;-0.07561783524737063
28;0.2833170455373301;0.4336074253780442;0.42981412426368043;0.4580099366705853;0.4191528451813559;0.3713610406678685;0.3664205802894918;0.3622528918032564;0.3641926932457948;0.36226734404611877;0.3823889004066742;0.3823889004066742;0.37055191177312213
29;0.3062285056820298;0.43056643952258544;0.44614578266289057;0.4640576443323612;0.3912590867277043;0.34083368972633654;0.3433691572334551;0.33608685806846184;0.33793879423956374;0.334629849441807;0.34916088987750515;0.34916088987750515;0.3394721116503242
30;0.33885427255560535;0.4028740993828136;0.4567150543643677;0.4632738928193235;0.34616823617085857;0.3401989247425007;0.35151729947749233;0.3453120631894304;0.34775971749344975;0.3420999943987583;0.3497001782347287;0.3497001782347287;0.33914543664622115
31;0.24092749701769534;0.45583996300309554;0.39074449274016404;0.4180119549297194;0.39526319582502784;0.346798879275177;0.3442398743812225;0.32949066199892874;0.3312874938223096;0.33881038815607073;0.36152881642065793;0.3591331685672867;0.33592196900121607
32;0.30104767650982406;0.21685335363486544;0.18872599536338508;0.021203335056014645;0.05399154874011152;0.002147083955546657;0.005035974623193394;-0.036282639075737734;-0.07030503926008383;0.017703607521691332;0.05024765947919301;0.006182432578560559;0.05171929930897599
33;0.3016446928179438;0.42180517625238517;0.4335026186146135;0.45266844652285315;0.37801833859865247;0.3739276039826301;0.3773393458042295;0.37121346234298386;0.3730256145281496;0.37107946246996;0.38658663588221587;0.38658663588221587;0.3775532776444514
34;0.04488823446110715;-0.03038299957664872;0.09969495402344614;0.3271037402172754;0.2692697060063063;0.28648446690161056;0.32841418536382133;0.0729908464640157;0.07253786014789709;0.103826627086334;0.22414866590764937;0.22947332200557707;0.21904615636522806
35;0.3697413974213705;0.33425734401500823;0.4017919466539617;0.4153586371256179;0.23965059221595184;0.24316437805200336;0.26313462490587686;0.25784692664731684;0.2615336231359181;0.25038838566836724;0.24959546424109144;0.24184686938679817;0.221048938700687
36;0.4427295023070804;-0.03344447094100869;0.10869656590799189;0.08147953600334153;0.1351950349820508;0.12599997558664544;0.09975736067188576;0.1620546210780962;0.1620546210780962;0.15754665863029016;0.25893546396956063;0.25893546396956063;0.23822581698905745
37;0.4393702034457179;0.04718602085633379;-0.03606708184503393;0.006720436288283266;0.20743203189706855;0.23342542669605595;0.21046700938206664;0.27730981486196227;0.27730981486196227;0.2707080344648276;0.32493371397509546;0.3151201392371724;0.2964186766437222
38;0.43506034076427474;0.11404536638822607;0.04446465398462955;0.08786803386079473;0.2364271163284238;0.25496266602166107;0.24138340097519692;0.29066435048652417;0.29066435048652417;0.2810227521829174;0.3083668554317265;0.2991237989433222;0.2795133114853422
39;0.43027254792840613;0.046614194120653624;-0.030126800719991697;-0.0020259138978062402;0.1785132129574129;0.16350307833344777;0.15309933902739759;0.19150189148351393;0.19150189148351393;0.19944072481118297;0.2449014470277888;0.23365564831418623;0.2118330054353143
40;0.383763996979126;0.13887917990092072;0.19909591893486234;0.1856201342844612;0.07829754121618875;0.07854550777607602;0.02691933491599607;0.0586143492263038;0.0586143492263038;0.04394094970834457;0.07731914553791869;0.06576975623772358;0.03632415282610916
41;0.3492951083781825;0.3042666568173028;0.28670468812667876;0.33790145119377374;0.186347820436431;0.10724816723849735;0.09428309605913925;0.06262260355155529;0.06262260355155529;0.0579804151712248;0.05844517625662379;0.05844517625662379;0.05844517625662379
42;0.3920249540565896;0.33682422584725313;0.3101491731068341;0.3698707411401319;0.1708299621125916;0.051519220846695066;0.0251904987731664;-0.04366227792766021;-0.04366227792766021;-0.0917215054581047;0.09746243486981897;0.09746243486981897;0.09746243486981897
43;0.4211158115337863;0.2731437684076684;0.23148503920168773;0.28519635819585926;0.0017965377723870594;0.11774604771849775;0.1529032430242265;0.22195632460160525;0.22195632460160525;0.23964008656863175;0.269235898634311;0.269235898634311;0.269235898634311
44;0.4170852120181081;0.21642971140144376;0.17663352701453028;0.22587330714356807;0.12985513722208783;0.26708589424158524;0.27710322672320986;0.3183822227147358;0.30831027087481433;0.3088100327665887;0.3170762055596417;0.3083272209751145;0.2944121294367322
45;0.3577067572516152;0.3401159333613695;0.3227856552830199;0.37737524437611386;0.2473211929930545;0.17089045568176914;0.15470491660675836;0.11784025047490103;0.11784025047490103;0.11449880127210271;0.12876889506207412;0.12876889506207412;0.12876889506207412
46;0.35063064797596266;0.1263270547975282;0.0743288475748394;0.09124983579135686;0.08078640281286491;0.05340172561095932;0.060541938534364494;0.08481964708016877;0.08481964708016877;0.09716292319357273;0.10101731290143338;0.10101731290143338;0.09635013094996094
47;0.3433526659555218;0.26308164955748453;0.24463197396906017;0.28954006587516;0.03908254008234871;-0.05949396984588554;-0.06350896525709653;-0.09349619231851228;-0.09349619231851228;0.11681492424866272;0.15404649068944973;0.15404649068944973;0.15404649068944973
48;0.37776338066769855;0.3653152203616475;0.4365448594730004;0.4564360372799038;0.29682116228067856;0.3365133645942039;0.35511673069283595;0.3517183476657837;0.3555141403070207;0.34246057909250205;0.33911822671954395;0.3323208449534971;0.31256663122262757
49;0.4499922048454246;0.044422952306342675;-0.04788823948804115;-0.010542657080590483;0.18739833894690894;0.19494466246726552;0.1790173434526874;0.2445951504209342;0.2445951504209342;0.24287115876699447;0.3256509604234193;0.3152950480583532;0.2958371189051378
50;0.43337847209365105;-0.03592830977965212;0.11125663258314325;0.08192811875067607;0.11880323359146222;0.13003696349275826;0.10083041694468127;0.17522723659688688;0.17522723659688688;0.1585262853327604;0.27903645882260203;0.2716600484122839;0.2529658895187971
51;0.3202556280488061;0.13914549740451052;0.18956923088530941;0.20776344041811773;0.03822896631970846;0.18263660156721764;0.20007898038147232;0.21302417598446338;0.21302417598446338;0.194350765462479;0.19127000242931935;0.18418134733291347;0.17260577461374174
52;0.4139074225064857;0.2885857719278923;0.2605493283845104;0.3145363146037866;-0.03778783836382816;0.16862054482428251;0.18429095394543027;0.2445254831405857;0.2445254831405857;0.277547700749884;0.30539938045437554;0.30539938045437554;0.30539938045437554
53;0.3954465429172754;0.21611595673385386;0.2738802364301175;0.2800083780908427;0.0019626655236166064;0.08870571061552181;0.14857259399433484;0.13163653508401993;0.13163653508401993;0.13071464925889206;0.06400964528290061;0.049942673884154895;0.018365591628908988
54;0.44248567488359336;0.10165546435824822;0.02410028635024663;0.07239843398951204;0.21052033294405006;0.239190512191329;0.22878299662242907;0.30049222869041625;0.30049222869041625;0.29605076143281817;0.3556544829518036;0.34656565766802777;0.3315797334830557
55;0.3543250372210352;0.3455904146509601;0.32944496781806176;0.3835290288972522;0.26583325974076377;0.1943726370261879;0.1769076174456365;0.14068034272107288;0.14068034272107288;0.13692290906967777;0.15514476752507278;0.15514476752507278;0.15514476752507278
56;0.1883422554727654;0.3150824749204744;0.1857275039041698;0.05820452530845537;0.05199995144689304;-0.05044036870490883;0.05377145867242998;0.2324101603482348;0.24431705978683463;0.2599223420881702;0.2599290260016723;0.26468493318711195;0.30055843247818226
57;0.23408200884490374;0.4436856412089012;0.372066205272685;0.3941152191163663;0.3617867412689482;0.34896492745565993;0.3480606847950941;0.33160221880666;0.3320454912280697;0.3438436177036207;0.3276909840263932;0.32501270634500157;0.3012387470891573
58;0.2965741983479911;0.24348670053072055;-0.140072273387178;0.045881862282923416;0.14729274948980955;0.09057351251033427;-0.01421648807694919;0.06243906988197123;-0.022886748879489164;-0.0824161087249964;-0.046009660726578853;-0.04077763007622102;0.01378483337607996
59;0.22296985073779185;0.22028168100521886;0.15521193282588291;0.1830494712133136;0.15443805899999014;-0.056959320226799455;0.18445301549945547;0.4049448090450748;0.4198198066084775;0.4348263927457299;0.3432577002082155;0.34818209988138565;0.38507412270875696
60;0.3470510226462079;0.26148374116230977;0.2575258712565452;0.21560133468237264;0.07543304707140369;0.17577869246241962;0.16056197660475785;0.11284549642860099;0.10078409932796713;0.11243843172907383;-0.1189684725499075;-0.1189684725499075;-0.1189684725499075
61;0.2889947247801606;0.3787386215036681;0.3769179711294458;0.3644810219222942;0.3548168656952968;0.3241548129675452;0.31480177223257216;0.30664278505006237;0.30664278505006237;0.29653150459913985;0.3521645690172319;0.3521645690172319;0.3521645690172319
62;0.2778912207195125;0.2186431458134493;0.20968252424619163;0.13983605510486327;0.024508133604270593;-0.027775962451449084;0.049538603554273766;0.046141109836372034;0.046141109836372034;0.0631255301903108;0.04618989642150301;0.04618989642150301;0.04618989642150301
63;0.21360490777331884;0.22955697668458658;0.15467474833081668;0.16957744814658612;0.1734233269866573;-0.07382628622640659;0.19027019479753737;0.4057061299757959;0.4209693331053396;0.4375495595578458;0.3542381033325858;0.3573864672141089;0.39329532284689894
64;0.11441797386320707;0.16720427013385977;-0.03089810281501999;0.2252150814519196;0.019642495062405393;0.09186454864942305;0.17466598165884065;0.27659281934528246;0.2781295852752107;0.2866988439235187;0.14696412451876661;0.14930332573237454;0.18290785990175007
65;-0.02912219086093344;0.20596511378817878;0.058215163276445735;0.31800868379132513;0.10728608440398532;0.20782109235796709;0.364753078792764;0.42121939476399467;0.4152049683853398;0.3201582058381929;-0.1297376101394217;-0.12742193394127924;-0.16629856081237057
66;0.14795965918602846;0.2593352351069966;0.08891348932592046;0.20313754082398439;0.07304403658447961;0.03380661666450384;0.2608697052120754;0.4334362709932987;0.4420353146592168;0.43857133165099443;0.2886993093477464;0.2889725733074066;0.326129343198376
67;0.1055214122025889;0.11423135184499054;0.09715963827938447;0.17246459893597005;0.080969591646658;0.07795520609336677;0.08354220821659779;-0.07759250841278902;-0.06541276091560597;-0.061160381469690606;0.10538252419236564;0.10415937758853903;0.10402607156371903
68;0.08451186563088946;-0.055341372765142255;0.18821726800337626;0.29029237372781874;0.2356716658134847;0.2772665768353683;0.3116156608269212;0.28459963229619084;0.26457311129850875;-0.14753025755833468;0.07871216652048521;0.07837051777377133;0.045663014813784736
69;-0.004702342295360977;0.1868364181576175;0.0707992841697198;0.31264259801824573;0.14249063068388826;0.22821457088188404;0.36839466050455816;0.3827875163693526;0.3804987443768508;0.2710650570766626;-0.06808070586660768;-0.06508675492767992;-0.1015905917376082
70;0.2081790182288385;0.21298823711805195;0.0949896093274251;-0.08225771702258869;0.18546661055438274;0.14691883635641315;-0.1091563217996411;0.18764904537112045;0.11653791603478322;0.1712487867210773;-0.13892260282871077;-0.13749526638240053;-0.13590205628831842
71;0.17754464983509674;0.10213683877082666;0.2075268599350539;0.12343998891587524;0.15972596447164503;0.14134026313818732;0.12811234201888277;-0.07448462178030209;-0.052241160246755146;0.07577592967120036;0.16811363008035551;0.12220091817875865;0.11815333465802509
72;-0.02641513081593614;0.09407122261170534;0.05890909688479033;0.3217538003690568;0.17375795994525034;0.21577087241656007;0.3042752027756963;-0.11651409211619072;-0.1329183571699569;-0.07880903911885466;0.10877055907354811;0.11197703966826254;0.09146091493931958
73;0.2672125976096004;0.29405672368747343;0.30468377776262023;0.11467013799938192;0.06438126935418775;0.00958183710079395;0.004223319698877414;0.031846934885586486;0.031846934885586486;-0.008860057496951441;0.09512349192230911;0.09512349192230911;0.09512349192230911
74;0.28612884604820155;0.2194055755267484;0.21374064527681996;0.07216185008407731;0.25039401716661064;0.18606566169770755;0.05636441648417757;0.3454878902929969;0.3669901558954402;0.39509699292490563;0.4094819955168711;0.4163187478968473;0.4536688023556645
75;0.24902022363866427;0.27915967580670803;0.23922366764223185;0.00563445699365854;0.16785786406424666;0.12439937665401797;0.0855508758747422;0.31794346379620775;0.33780500743415226;0.35989818765491904;0.39852060617300095;0.4026408209433004;0.4360503820765376
76;0.28322207536262123;0.10390088669710325;0.09905311056575575;-0.03618714974016627;0.19262336587018453;0.17231430357896013;0.08673097904058533;0.06027874612104114;0.07709376727266729;0.08839413531338984;0.09787036073783237;0.09007251841036612;0.06644358232273864
77;0.17781553214607337;0.23159632319752732;0.11394617734386561;0.18919241918586252;0.12772765031862673;-0.02549274322312967;0.2183046504726337;0.4170464830933409;0.43039260931822076;0.44495743265330956;0.31547402130960805;0.3175074479294544;0.3540814773752479
78;0.3344356168075224;0.21779525651310694;0.2345802324692651;0.07574521464747448;0.20895739653335185;0.17510554124419375;0.06614897834742209;0.21330469073100727;0.239349123237902;0.27935408774739723;0.3222520541220436;0.33098806484866106;0.36842004324999894
79;0.10146418033768784;0.11889601216149641;0.11151859355911267;0.0760480598950651;0.03705100649647489;0.026476943050996744;-0.06040978239512358;-0.05221940247739988;-0.03570765416347564;-0.06575329308274436;0.14914381824134532;0.14844162334830033;0.14868721435433793
80;0.09744818250350995;-0.07412032766161913;0.16201312106232948;0.29130868319911996;0.2581673598504529;0.28650209298876345;0.32408768768879676;0.24803777239179603;0.2333466610524747;-0.13155066983593747;0.10706488068800415;0.1094412260746187;0.08208189774792585
81;0.3778389547114972;0.12742209675207417;0.17618624610269643;0.1711501864775304;0.12866929465202487;0.10659009954361374;0.043243006125718936;0.031955247555682034;0.015837847413870815;-0.03259671324773704;0.07570751648047198;0.08668094398759549;0.11580986404669308
82;0.2124568763704875;0.15585705421090978;0.23250727356389853;0.18631067131056556;0.22606180932197767;0.20099873153062514;0.17926948003237883;-0.01022196512235137;0.03130396911171893;0.1306866200119063;0.22633123549139839;0.18855818687995218;0.18374715440037653
83;0.3245459026114042;0.2837043527575818;0.3019001276104387;0.11877177935787685;0.14473630027466672;0.08851122464919664;-0.03682837157177081;0.19879301693311818;0.22466447105463697;0.25744136313884436;0.3348625979780327;0.3434560753117908;0.38115217785985595
84;0.3041213188708398;0.16644782628045626;0.16097130601252427;0.10268825893049278;0.27315284800075645;0.19307946237780993;0.03384669580994609;0.3124955710890123;0.3360035255205801;0.36201056020764305;0.3637163701050394;0.37244391282007105;0.4099741714182203
85;0.37037625791936646;0.0816474922245134;0.117758375335491;0.10722674250238241;0.2158972586387316;0.2032456085561355;0.13072333015688517;0.01354464868632593;-0.007481508396639294;-0.039455562521029205;0.09688691520699368;0.10931283441221584;0.13999289811130364
86;0.25323234893138263;0.19795236491678234;0.20832466195286686;0.04729505719938729;0.0893633427805134;0.08797658264531455;0.03391947666248639;0.06986591524671058;0.07883116043390358;0.06386647546873125;0.15617538762386846;0.14949102625057395;0.13201832612883768
87;-0.038088044207745156;0.2133459483601146;0.04149331395805117;0.2959980456758365;0.10100925347119835;0.1964037606524855;0.3481431870283413;0.41761022714773066;0.40474615212692605;0.31699466726744985;-0.13629728363947824;-0.13598514831869302;-0.17585158355771222
88;-0.018734201856336705;0.1876443996741562;0.03889318167314504;0.23605399106435143;0.10984305591951939;0.18085260919022442;0.27893091565185596;0.34604623113857497;0.32248463161334323;0.23993921052512196;-0.1001200801008614;-0.09993086512257923;-0.12973988909284254
89;0.27336345208820595;-0.05093155487262736;-0.02776927522731728;0.238461871900846;0.19964530338774542;0.12231368972505098;0.10136193324047472;0.31538625490658345;0.3350160907094069;0.3484406882449285;0.27190935004281236;0.27800019028886436;0.3094094715025151
90;0.2744785445445287;0.12888009879272636;0.11574737396722654;0.1571405129588747;0.23907619091224985;0.15285569411872388;0.06859268734670478;0.32971079325301966;0.3501838068761999;0.3733179497519453;0.34844146958622324;0.3547672028495567;0.3884624789115463
91;0.1927066079498077;0.010764270972227645;0.046687071008412705;0.30368987482324555;-0.03343128537352982;0.0295802946330135;0.19346059953194503;0.31926662233075365;0.34005633625707027;0.28985667959812594;-0.1057307634524341;-0.10928051320413891;-0.13992318004399668
92;0.1286112889306317;0.15921042506090222;-0.026057361289896528;0.3137878874390181;-0.0006214224117755663;0.10586687914223802;0.3007817178264413;0.4367823337556402;0.4462010801404031;0.3731917303884921;0.16301165464816197;0.1637368233937876;0.19916287569765845
93;0.2998500768956386;0.1982821286421321;0.20357418041783226;0.02224366726079048;0.21517387539568952;0.18403251315076122;0.05481963097531102;0.23017952945091447;0.2461156476603748;0.2690935938331832;0.3280620126062118;0.33414616038812006;0.36866935608726453
94;0.15403575779590367;0.12557265462670678;0.22144490053422256;0.3000627230812228;0.3314147063477668;0.31120868808241486;0.3037662597544208;0.030329600803402062;0.049318538157186426;0.175235166719336;0.28711315896769884;0.2876834175578929;0.27054901849963686
95;0.264849584570118;0.18482831647552464;0.20634424317901887;0.08284507073078434;0.12693505412760583;0.10792855619842619;0.023155285857009624;0.14823839359822422;0.1632577524877967;0.15698213076844952;-0.046445780106403246;-0.05464619560694994;-0.08068810288180232
96;0.30750249360582893;0.03619951926925324;0.030718661807342944;0.08577204459991017;0.24410721525173262;0.20778351734736156;0.08146116153639732;0.13107868329215092;0.15139443602480318;0.16998712583205502;-0.04367797499469655;-0.054671635035443984;-0.08689425162481162
97;0.1916872591598611;0.05650291693312226;-0.04954143616535305;0.13437179409741218;0.07968724126143582;-0.046311334103814536;0.054364709310895674;0.15743484985878184;0.16426203537837336;0.16293191679906557;0.1271920068899214;0.12840315040425573;0.1432828158684561
98;0.1455113602303055;0.012674083286685947;0.20274690847710528;0.23399798369778246;0.21303879995901343;0.2327906267337943;0.25473884261768753;-0.1893665961252052;-0.1660138150498223;-0.027994044720049887;0.14840179803471798;0.1504634321005102;0.12816923842538216
99;0.2927450875391213;0.35933668841412336;0.3286650833883585;0.1644989391027134;0.019951673032135693;0.0682952280331299;0.1851706580701127;0.08591511961400039;0.10706791052748618;0.13816191148936513;0.2471070256074154;0.25399778887460983;0.29853825479113216
100;0.04676488184296331;0.06009984828487084;0.03885187741742547;0.31214953095002246;0.136560936914757;0.17873018620632497;0.2889892933940176;-0.12213491779870403;-0.150560930637683;-0.07136779436644715;0.12221361853128308;0.12541568659166916;0.11365532382523467
101;0.32986210258533494;0.23374963424757578;0.24788158425753992;0.07970543309582755;0.20737871383975667;0.1704845018526262;0.04852861219240826;0.22020785247911764;0.24074721844899488;0.27050472809114606;0.33209940884888195;0.3413279457259804;0.3816291362109362
102;0.347527173064142;0.00782474668972305;-0.002737601100435433;-0.025776547424030093;0.3091257690796057;0.3127688932425638;0.15842986661540792;0.06314790478843883;0.08760825016198118;0.1054014082072882;0.09998230969589411;0.11291235337120542;0.14696181600807492
103;0.3182609079539658;0.29704724380429237;0.318804607404967;0.1655491567291177;0.0563718831233955;-0.06238226891240496;0.153587632347571;0.026962365864867367;0.044475911195228986;0.07634402275906942;0.18981919920023801;0.19752960731526756;0.23659257958890675
104;0.2447818536845084;0.3359458246148548;0.2538423411948029;0.07140857387471702;0.07290222294963523;-0.017256568269801695;0.062051196960889524;0.2016686595931578;0.21355325807529604;0.2338890021913855;0.31571624168877194;0.3194287838739216;0.35831518502082393
105;0.3553797149468212;0.10815461204580486;0.12745122091948236;0.04654209516420631;0.2565803088066744;0.21957499115518833;0.12476817803435511;0.10457507087941438;0.123155633582787;0.14333094287426212;0.21494138100153687;0.22552454260424779;0.2649645613860431
106;0.03895331094033849;-0.04081459782243356;-0.01691241578737972;0.28592162711620694;0.2537347486664039;0.24742197071810015;0.2911710351869197;0.10491424338349467;0.08597823867636858;0.18071757754469628;0.2624910683998483;0.26450544634019896;0.2563902133596802
107;0.23734716521157417;0.4321583039497822;0.3611226482603145;0.36221786458916666;0.3249754580602801;0.366032738644165;0.36469510576789965;0.3476890504015331;0.3480693074113747;0.355641895924424;0.2901908846132139;0.2876862970720886;0.2625730929228318
108;0.2869251234710045;0.24210119144933342;-0.15576562879748676;0.11779022903901226;0.2105017474647392;0.1590022287940946;0.0984069551260947;-0.08375064967276906;0.05890944605675174;0.15774434378308774;0.15325481842746724;0.1385812900984244;0.09731233783247008
109;0.30227271839389774;0.4387870704123693;0.418121541619502;0.39592562645357454;0.2828638983784352;0.309541120095606;0.3307229093515483;0.30431147632079686;0.30624564494438417;0.30006004383629326;0.18252932528174798;0.1764516965836657;0.1394696040027307
110;0.03231884274546067;0.003722922212783475;0.07461963925854066;0.3490148246338726;0.2717196746471817;0.27905626396429367;0.32486656570721906;0.14464294042399117;0.12581786323616215;0.1650629269338765;0.2657666596140981;0.2708027954471618;0.2639519806316267
111;0.3972613045251169;0.22544201845523695;0.2769095761309559;0.2733618742306017;0.08332236350343891;0.04028689628727981;-0.056731169026879386;-0.03848086336724904;-0.03848086336724904;-0.04623320172472894;0.1007045575348358;0.11485301903069582;0.1549997140308292
112;0.4103095137604656;0.2919463784743751;0.2701602314507167;0.3168650429030388;-0.05732175057938079;0.18437971882311907;0.19226683985225126;0.22744709002183267;0.22744709002183267;0.247754682462477;0.2634748378129561;0.2634748378129561;0.2524619187621365
113;0.38955692853648155;0.06760116075804305;0.02991954961405387;0.04984034664197374;0.23577175702200331;0.22198429438955186;0.19500658868900086;0.1399941120804242;0.1240038684644346;0.12339281512583368;0.09355566868770983;0.08106910229057566;0.05062771079982518
114;0.35364818236216095;0.17796026409415835;0.22161085828044857;0.22715159382867278;0.05572185595135632;-0.02695251586040147;0.08907638530996309;0.08026602503855221;0.08026602503855221;0.07977708110533618;0.027825859920177616;0.036191018854085114;0.06343742579587364
115;0.25379584317303794;0.2990517652929813;0.28928246975016864;0.24225436323610763;0.15227841080052074;0.2971149222747416;0.3288812713131552;0.2798132195211988;0.275192284430205;0.25057812009511493;0.1934197508574379;0.1886362841296659;0.16965100682949985
116;0.26068100956307877;0.35401778992405236;0.36608127407478847;0.22173446993244428;0.22099727621503157;0.16049999320769529;0.15291402848482397;0.14628745655905853;0.14628745655905853;0.11352124980942117;0.13827501803371645;0.13827501803371645;0.13827501803371645
117;0.272380074107866;0.4478469415982333;0.3994989370541706;0.39648083095767406;0.3135018383367187;0.272215747497515;0.28734924065236095;0.26234654603109336;0.2640365452279023;0.2771423756005749;0.20262432995800916;0.19822309844159147;0.1645691715825336
118;0.27416626316164666;0.44456292090906097;0.3977337594862822;0.3942678480221638;0.3021566587643052;0.25733234307977804;0.2748695684330572;0.24982861664534878;0.2515521558451768;0.26410242485660146;0.1834479860344185;0.17869499213018494;0.14433046839728964
119;0.4093560866506271;0.2856719333170079;0.2603722917726765;0.3106038317404873;-0.026808669921407728;0.15199815344711654;0.1617086270647195;0.19923409200065767;0.19923409200065767;0.21490900954271833;0.21912334971353542;0.21912334971353542;0.21912334971353542
120;0.335900432872963;0.39820725774203053;0.3957509798641137;0.37620280017128493;0.3183597823508462;0.2551594136497036;0.24421997574994325;0.22135189195216734;0.22135189195216734;0.19257917594240476;0.23202948033403192;0.23202948033403192;0.23202948033403192
121;0.337275952294906;0.3935815120993214;0.39028389525115326;0.3778755635647278;0.3152301842763908;0.2521411793287423;0.241701330876973;0.2174117723687787;0.2174117723687787;0.18932854923508427;0.22400791411869408;0.22400791411869408;0.22400791411869408
122;0.39499735152026577;0.14358115662157878;0.10483173962582737;0.1462757239528745;0.14185269064937728;0.24109567001050738;0.2392309093087643;0.2361629848194714;0.2209710701359131;0.2014440378241298;0.19869855095226233;0.18888683566648312;0.17369946734995617
123;0.3457781847614385;0.32485114739658855;0.30897843760241755;0.3589938404509302;0.20692648513435138;0.11756537622279452;0.10629752446876883;0.06529827458632399;0.06529827458632399;0.047228185318432744;0.0888975378274703;0.0888975378274703;0.0888975378274703
124;0.31676085177987195;0.42212433003442545;0.4425164491370972;0.450758713260907;0.350600378073752;0.30246210543604424;0.31611789153146436;0.3049560227820439;0.30798818202559364;0.3034891124622085;0.31261508300190877;0.31261508300190877;0.3019629273230261
125;0.1803293357262565;0.441702252550542;0.29016233772342204;0.24807349209617927;0.24082326986833974;0.22009040936820073;0.23419565537826334;0.1465572953275557;0.1392530757728493;0.1227157477547378;0.052124687087855365;0.05168649270427256;0.006736409572152951
126;0.2622122272709935;0.2800742551874377;0.27629188131709137;0.1491439814961159;0.06454888334661582;0.003461173589899596;0.018748184076816807;0.12880417459720483;0.14666189547328434;0.16972341606279118;0.24000195813371267;0.24526580719068547;0.278705682574144
127;-0.03718175751422751;0.2559688194457487;-0.004002359371023497;0.10981372720145759;0.013366934367486982;0.0760858383228332;0.13080966957016135;0.27049930559985874;0.2545063939676147;0.23938710998673146;0.2289232225786204;0.14984493426136744;0.18590517622487118
128;0.17837470274947637;0.2781858304281159;0.155141155561371;0.0571911561694237;0.10749240135837969;-0.04997906233301308;0.12088417233045157;0.2989943504848467;0.3056927745832592;0.3121066396724272;0.31997745734027006;0.32504542070779135;0.35724944454191154
129;0.12850820257006143;-0.046263703151474336;0.18469581333817978;0.13911967259569782;0.12313253911211212;0.13379158594242063;-0.17481930576908605;0.15128868336966528;0.07277465533917335;-0.16087458787813844;-0.10399290620458589;-0.107545045925046;-0.07454276698698308
130;0.06572864113240329;0.18671391884365934;0.02956251306723488;0.22538976511610057;0.05502162211013349;0.11867908939380492;0.22761121886257843;0.33554014146270383;0.3142952965509154;0.2758985688721898;0.13518737626445998;0.1349178342488686;0.17312232696332
131;-0.0004807206071535813;0.0949092517164384;0.049009418509389883;0.12961576797881616;0.13766898337037353;0.12908907207755052;0.14402912575052776;0.008014867036019729;0.0033668816119245713;0.08158664447914635;0.13625313123953;0.13351245826821345;0.13138535539745166
132;0.15845940684893278;-0.0045716108469142985;0.21604907406109608;0.10555923327313645;0.10097434649671318;0.10070079347211953;-0.15765724107768753;0.10464267229757758;-0.04417512671188795;-0.136601451687516;-0.09462175374208054;-0.13689868945210631;-0.09327725090737606
133;0.24429454050834445;0.14862930648851483;0.29427421996379105;0.07411950079109426;0.12821866386171704;0.09094478464422237;-0.11884736853160471;-0.020886924264660302;0.061191370349525216;-0.08472710810408772;-0.10183497794634327;-0.09305339376635482;-0.03916295170159603
134;0.04350689415469491;-0.0005890599182431542;0.05165093766409531;0.26898843972960507;0.11972630450690838;0.13328895787018866;0.16803727770044372;0.18271930249905444;0.1566809902905326;-0.09943716338976034;0.006909387751687501;0.006746986877383409;-0.018273601912536835
135;-0.011799749311701094;0.2513135069189881;-0.006330427124739543;0.14029814705833377;0.07073355733724707;0.09289993706604126;0.1540810275410281;0.2581152477560543;0.2567851331841357;0.25684916809762887;0.16588819120717624;0.16531943523044748;0.2020623443050874
136;0.011967574275469956;0.16523767545551146;0.08954392809960308;0.302163385797806;0.16105907020261861;0.2347043453137147;0.3331609684413464;0.3461137011039161;0.33679550389846463;0.24542550700306423;-0.05219847790356262;-0.0522085651114509;-0.09255345942639195
137;0.3873428225968539;0.3392197738929047;0.4109648508101006;0.4283133365537589;0.2516084142758048;0.3324067086877402;0.35968721971125805;0.34932888884907465;0.34932888884907465;0.34924720948168825;0.3099182029639041;0.3020888636170146;0.281558544444853
138;0.21852192622024047;0.448973104644183;0.33731142380570583;0.29323103414457996;0.2449040065972644;0.19823692994435207;0.21690505850156863;0.16502109732087372;0.15330766082377095;0.13276590911141228;0.0369868913299664;0.03404011514329733;-0.013524337701691749
139;0.20967742500805656;0.406573810646435;0.30523575271335696;0.3020196902411445;0.25759747296813856;0.2812891242766547;0.287035881877204;0.2558336282813758;0.2532971194029538;0.24285975745378952;0.15967329601922614;0.1575333887320178;0.1281247790394497
140;0.09986248789783649;-0.03266633942072221;-0.043834684729314045;0.3194989177386291;0.044302098859419325;0.10007823951149712;0.2370001277045439;0.3361473625369804;0.3364966167419724;0.22940666688911204;-0.06428964386539843;-0.06877560940529864;-0.10116429266374995
141;0.19769292289308232;0.13954087651489966;0.09983058024314054;0.1133594240893248;0.16699027410584022;0.10701672619012939;0.05064496245124946;0.2648711319477873;0.26460556591769124;0.26009508884049937;0.28566227063789934;0.2862249726193452;0.3136078094352772
142;0.34441487498503864;0.32929359690114907;0.3177001280147552;0.3507713425183907;0.1959914435019212;0.09422316981826574;0.08168083779826296;0.03694064537518565;0.03694064537518565;0.022766871863836986;0.03833670321198177;0.03833670321198177;0.03833670321198177
143;0.37743462974904973;0.11335159433761129;0.0788746900425805;0.09265221802669717;0.25457149462250417;0.22731517704870552;0.19683198424550072;0.14534031610892603;0.13171520880574095;0.127136780591573;0.07584882846027169;0.06379316106590613;0.03917933910068921
144;0.3816314800072922;0.2764755385384212;0.3481572648845938;0.3581689767790418;0.1757692368536303;0.22198395972241305;0.2577092334276192;0.22665415176750192;0.22665415176750192;0.23628388149681825;0.1680046422217879;0.1680046422217879;0.1699395041685527
145;0.3071038828657159;0.40569433491314333;0.3943106601847853;0.3130515507864163;0.15190086921195065;0.21476787932753655;0.24362693203626595;0.1399504503405543;0.1207356343000837;0.09314098139121772;0.019588558027157827;0.028528261206879676;0.07549701468448806
146;0.31706749576564547;0.39781816588119473;0.4359932465950038;0.45024086140498015;0.3511010319732339;0.2884331385154984;0.2962537544481753;0.29174786033086103;0.2952719437979613;0.2861423818259004;0.29465360343665;0.29465360343665;0.28763970648225323
147;0.32097660681858603;0.4047357227015579;0.4463697970808106;0.45789373525075544;0.3639994711164715;0.31838952675590343;0.3235617415955208;0.3188883377963446;0.3220178052356385;0.31326326109937314;0.3252380691676365;0.3252380691676365;0.3168676476887587
148;0.23999675891638594;0.3664585801354866;0.33351914237957836;0.3399862354224053;0.26609792827545337;0.20244677727853352;0.21239776619614373;0.1987725393847507;0.20124894332270274;0.2046400363089543;0.21152668297075963;0.21152668297075963;0.19644252814375163
149;0.07173306622197989;0.3608981292800242;0.20203409821534535;0.21747838974928285;0.25143695521232995;0.18348212871511388;0.17829940607946498;0.15224725257735558;0.14967948934814873;0.17896158505507007;0.18589129077948663;0.1875668617776623;0.16033870350484988
150;0.20823405566141495;-0.10349566271709962;0.1605212583382478;0.20224830342805686;0.22413264138700786;0.10292352631190303;0.1502107208745695;0.08858021337852334;0.04567001374714418;0.2172038362513108;0.2039549284945982;0.15302680435491883;0.15302680435491883
151;0.28978334904031633;0.20080411065174555;0.3336042339132861;0.01761986644819834;0.07173057689057076;0.03256347297655034;-0.013083124488602074;0.04322416817233088;0.12336723052347681;-0.05711101433378911;0.02601565311768201;-0.06932292303326014;-0.17137941501848133
152;0.23038383738514795;0.3746728406652236;0.2975309044124843;0.24657245921147145;0.1594481705831481;0.23982805511285854;0.2609037393902706;0.14980725357514488;0.14747069832080908;0.13439775747885319;0.04881444904154114;0.04655547646524974;0.007287105926886799
153;0.1003071540109658;-0.017154615191130186;0.17282373549926258;0.2552791416974109;0.24444595906758082;0.2550752642787508;0.2636112771650213;0.1817514835687421;-0.16245863626030416;-0.04197882556749405;0.118293564991958;0.11994553993387758;0.08745238185003888
154;0.3608062596775402;0.1205063362492995;0.10260711481574547;0.10639915372891588;0.26986959376300773;0.3119246596823779;0.2508794100317416;0.08684761703020853;0.0723235423445401;0.06695545818099771;0.09697749265976487;0.08606649165752125;0.05833417152481635
155;0.3582593599306925;0.22722451534288754;0.21176064228980773;0.2292779171034996;0.1057100626897475;0.21078078275679726;0.21684332674007428;0.19163315632531366;0.1841188526021435;0.20083205032780516;0.2218034838574845;0.21349359963725392;0.19779781412489567
156;0.3767540794186801;0.15768221146812098;0.13717697578600335;0.15342126257874986;0.24699027614971789;0.33517795670078865;0.27980490317213114;0.1361320684683187;0.12165289113002367;0.11572925319860265;0.15767461356501283;0.14711724940324594;0.12124183398862665
157;0.37349698989820146;0.10541148075641191;0.08200548198576267;0.10209358772438701;0.2932612795657322;0.30513085946981394;0.2635165592798977;0.09489026913539007;0.0778391826238886;0.06555639088542273;0.09128073814460273;0.079544594430266;0.04939708625654975
158;0.27300043496307397;0.03155548692592824;0.04486044503915139;0.14023978518171742;0.20166198089804488;0.16744303804991517;0.01663871738106693;0.18040941316640927;0.18823977854998883;0.18023021916794363;0.16883387709928216;0.1749712805325113;0.20545562183029578
159;0.3252056865349973;0.2850212138330722;0.32147257675461605;0.23913259847601456;0.058942589931121635;0.18693518742197432;0.23837762321783412;0.17156943118442328;0.15669345975163038;0.1260132453385978;0.05847142036168642;0.04855948510203514;0.014410099575071922
160;0.39499409844050365;0.20789687628878362;0.18525798312465352;0.21172241543885972;0.21251847067087276;0.31281125447879154;0.3085051918434223;0.17449491449948193;0.16014823647002077;0.16759206951087188;-0.15058140557778896;-0.15058140557778896;-0.15058140557778896
161;0.36359392327038476;0.04990271790697027;-0.0021077850482295346;0.004449453859453115;0.1460164198356046;0.07805840334748138;0.05762762923900234;0.06630760985622282;0.06630760985622282;0.08202245550727942;-0.10111937860765684;-0.10111937860765684;-0.10111937860765684
162;0.28711229517447795;0.3985879742474089;0.39998146526013995;0.364064883638923;0.38023899307400333;0.3523085771965211;0.34391193613107734;0.33584036600367495;0.33584036600367495;0.3214958309954753;0.36776467176396044;0.36776467176396044;0.36776467176396044
163;0.3687075836007084;0.11277436059692321;0.08233951901313952;0.0918832111878039;0.2601467879921502;0.22740841688403532;0.20713047339436785;0.09287855245991249;0.07568133736123084;0.0634867583155869;0.016446942339599938;0.016446942339599938;-0.0028042207400544162
164;0.3113474915270335;0.10092694693671049;0.15389601133009545;0.1684714496831326;-0.002286947796619438;0.11903689895511668;0.13480862629150622;0.14980909107733612;0.14980909107733612;0.13974791512380794;0.1363338640134441;0.1295061889489275;0.11483488002644969
165;0.22104205596280307;0.045501733047771054;0.07994889353360773;0.2617747280690201;0.08956269240522775;-0.051195449480373266;0.13815240960945427;0.3128832880256981;0.322424083677912;0.3189524779423838;-0.21858942356211294;-0.22354161265618497;-0.25497407445102654
166;0.287815558573051;0.3935450784796811;0.3939402509045474;0.36867291869555496;0.37633669011186033;0.3464341467378414;0.3388095697597105;0.3287587676824541;0.3287587676824541;0.31281104425672096;0.37085978416912974;0.37085978416912974;0.37085978416912974
167;0.38179917248284223;0.3098711006312962;0.2956793551777309;0.2972715732639574;-0.05303293600588617;0.15141865154639822;0.16148797589746045;0.1682047366596996;0.1682047366596996;0.22070771012397997;-0.09096076680980698;-0.09096076680980698;-0.09096076680980698
168;0.31757634072658;0.3788170527639521;0.37324705270897646;0.35100565781006354;0.3002791279222599;0.2558503487154298;0.23735371513005044;0.22475651041245417;0.22475651041245417;0.21686500037144335;0.2615871851539757;0.2615871851539757;0.2615871851539757
169;0.33017642082420695;0.0944126067832274;0.05887397894280482;0.07360311473089666;0.18013464119219944;0.16769534911544073;0.13697567747880807;0.14663479861931472;0.14127194922168568;0.14529132275877482;-0.09487677615560638;-0.09487677615560638;-0.09487677615560638
170;0.27785738986385705;0.1137347342205168;0.12285315770497297;0.09889945823291561;0.18279514002042901;0.15437278070797683;0.026280348634510387;0.14949665679973137;0.16588611970436523;0.173384772274848;-0.00503012317140585;-0.013193417925592402;-0.044790174193793275
171;0.3361632014847393;0.35106418938987666;0.34125121708991973;0.3501053168222212;0.1926966780453854;0.1163211146562931;0.10658935362116741;0.09531030205996789;0.09531030205996789;0.05110405972299293;0.10571870647348353;0.10571870647348353;0.10571870647348353
172;0.3038658249382778;0.370983530507876;0.365352483093376;0.34568672394253236;0.3084846505634755;0.27497778851475285;0.256792478175493;0.2501152950372785;0.2501152950372785;0.24501970688677285;0.2620140753742062;0.2620140753742062;0.2620140753742062
173;0.37853159484554577;0.19872092345423;0.16504629634757298;0.18587945954162444;0.13384731141729803;0.2033558468085997;0.21986592169799468;0.18209796452780969;0.16671025236746043;0.15558843129294522;0.029072699364713038;0.029072699364713038;0.029072699364713038
174;0.3210941059471094;0.35279427432549887;0.34057342413828595;0.34934809320978255;0.26023510605357314;0.21469657294164998;0.18610802530388143;0.16942006692627;0.16942006692627;0.15344921714226545;0.1686129670914869;0.1686129670914869;0.1686129670914869
175;0.3806484254664208;0.13677698075220152;0.09921757765579842;0.14112425984333457;0.1426128370697819;0.2363282427194805;0.23217683426429903;0.2283641389631544;0.21719936925664196;0.21220393735112733;0.20151786109260314;0.19348641348694046;0.17713352279101638
176;0.13883866315058038;0.18242720749469907;0.191827714777242;0.013317930455995023;0.03053289419486101;0.012934337729868177;2.8357197618665152e-05;0.008368227474630155;0.006627378959021947;0.0017918746860710497;0.13909594222977437;0.13909594222977437;0.13909594222977437
177;0.329864306149457;0.29078375045920135;0.2794033070203473;0.2856566237286124;0.07187433119851161;-0.025514433677308615;-0.045633400458083694;-0.06919545547946618;-0.06919545547946618;0.10455673509567907;-0.0749311648470566;-0.0749311648470566;-0.0749311648470566
178;0.3396874556026928;0.20469829588081742;0.17765962725775591;0.19129958835692143;0.07671032262441943;0.1494105630466138;0.17318130340466237;0.17958937332991257;0.17161688906620157;0.18028180771764304;0.047921588870991856;0.047921588870991856;0.047921588870991856
179;0.35597651631133725;0.38567281954138655;0.37360823717319486;0.38139075619927865;0.25493913933346213;0.1809362130753197;0.15143024734651497;0.12559700257916775;0.12559700257916775;0.0919874287025042;0.15562660870829256;0.15562660870829256;0.15562660870829256
180;0.340929236796191;-0.02768361107477453;0.07571355034932956;0.0813464861322262;0.06084296502524901;0.042138862969968376;0.055154999273770454;0.05792776407364324;0.05792776407364324;0.04562244366231572;0.08129597074009066;0.08129597074009066;0.0863751238044667
181;0.33911407274992805;0.4166532238897388;0.41270984909079866;0.411470243461466;0.36755830006603196;0.3149258118725759;0.30520141148724306;0.288195073877223;0.288195073877223;0.2677987151627598;0.32517708329421596;0.32517708329421596;0.32517708329421596
182;0.37594555293419385;0.06404455235886561;0.023435455075301898;0.030983588474632;0.23465831668515608;0.19090179385078943;0.16620786596810389;0.09014789147264701;0.07088241991653478;0.05025184094292272;-0.0037369680683262507;-0.016289807891453553;-0.0453667222977316
183;0.39072803533143535;0.08259742058993676;0.04094300556299836;0.06600530112447883;0.24347887622919193;0.24751744481042856;0.21654335304366099;0.1733284948750525;0.1605022357795087;0.16114220955667266;0.0908372225039876;0.07931838799574518;0.05275179450225407
184;0.37297530685747743;0.30252006223822636;0.2875178388623181;0.3304595455839642;0.09158631402225931;-0.03953682489864842;-0.059730848621626004;0.08677285318281816;0.08677285318281816;0.11060417101057907;0.09803041480938078;0.09803041480938078;0.09803041480938078
185;0.3591651901010066;0.257983253353707;0.24884916930433054;0.21680595926443766;0.10484774440948313;0.20880162528746257;0.20445672573714624;0.13620506886464964;0.1247906498399063;0.1426954556653362;-0.06778449792959348;-0.06778449792959348;-0.06778449792959348
186;0.2705654017449536;0.26819490341277963;0.2838451559044218;0.07484136246688083;-0.024580996997402346;-0.08616148483008089;-0.07239151608243537;-0.07034782729173349;-0.08144711744659797;-0.1055452163290747;0.08953501642554063;0.08945786915068586;0.07241273507141666
187;0.30353631233443573;0.3415418351129134;0.34138597121046943;0.31731338692010375;0.2730098087625016;0.21878249090178162;0.204715022588019;0.17781477039443647;0.17781477039443647;0.16928814613038626;0.20641619365082636;0.20641619365082636;0.20641619365082636
188;0.3716135311641927;0.15917766667714925;0.14838275935739026;0.15830449544859837;0.1981480849886739;0.287588331853463;0.2464556403408305;0.08778088707085288;0.06390288963820304;0.0460266951373736;0.0517762070458364;0.039618707036771623;0.014172423818174422
189;0.3328520188262067;0.261549225703208;-0.07986503178625211;0.15952353699030908;-0.1364536588422191;0.15964263453972216;0.18271721286118736;-0.05327158532376731;0.2906481885773996;0.14412914553734898;0.13949390927758673;0.18672397814535271;0.18672397814535271
190;0.29076731497579983;0.3009564554140864;0.3143043425871342;0.3915613612034425;0.3758187684321168;0.3670500546882998;0.37074801481442216;0.10868926309650286;-0.008963352852786462;0.056846063299657044;0.060027993569037916;0.01960993161181197;0.01960993161181197
191;0.2040921467627611;0.22422146038061977;0.2779093525372672;0.3598113317751574;0.30644684406781775;0.3354557988821277;0.3408967788449493;0.6518810637839069;0.6235166340369783;0.6078907301190483;0.6132172197990136;0.6132172197990136;0.6132172197990136
192;0.17804218654084591;0.19938621177787164;0.24625327148502388;0.3199227528150173;0.25589070038176187;0.2845928408168922;0.30276501954717044;0.6168103479195868;0.5906547213350081;0.5760419244137068;0.5776820638788163;0.5776820638788163;0.5776820638788163
193;0.2958482391908942;0.16350004191076004;0.21689878313596334;0.2745420115001125;0.249050338360477;0.20787740550961656;0.24369480966813328;0.18327144451640884;0.3744100158137512;0.05510379094916761;0.060148148910890646;0.324389837975753;0.324389837975753
194;0.28210765877546845;0.0792997516017706;0.19400108300266852;0.30874991092178905;0.29612193294881795;0.1694814758114085;0.21210364690270203;0.13946952248521324;0.34976352201260485;0.20712341544511675;0.19261654713162676;0.2826285559485969;0.2826285559485969
195;0.34002303919627674;0.22015848542102187;0.2357915089700501;0.32839488451512294;0.29662304423883906;0.27876526608353663;0.31830592015515546;0.22378568100581955;0.37983251616714486;-0.04799283329688746;-0.05527382748015706;0.36882527211658445;0.36882527211658445
196;0.2780734485107965;0.042209035352638105;0.18502928236211613;0.29229806194718205;0.28009746044588196;0.1627803973859396;0.20675760964490453;0.12667066399356158;0.42486090835133306;0.21718055623905647;0.20451655582217002;0.33907059495333614;0.33907059495333614
197;0.3186332218282478;0.09123588776841327;0.2482202415244239;0.36540261596995094;0.36082080449631293;0.2496264546198433;0.3003378990810639;0.22278420114917163;0.33478010283812876;0.30992339529712853;0.2975673779760012;0.31924440081942285;0.31924440081942285
198;0.3107712114889158;0.07865879562184239;0.24590557452714046;0.35156442564929086;0.35272044204057357;0.23245039977645546;0.2853267057701267;0.20586679625307153;0.31931588904979463;0.3075581459924769;0.2965912569153498;0.25507310233570596;0.25507310233570596
199;0.31998118327385944;0.119992767466336;0.25806312581817065;0.35610653092474004;0.34684359536044124;0.2617982051509264;0.3013649927473854;0.2344411855223872;0.347088708458038;0.3017485556760582;0.3058686905671764;0.25558437012335006;0.25558437012335006
200;0.24221138458613672;0.23217160271171014;0.18765162137203098;0.20966060744243192;0.11678416404322844;0.14027711501139511;0.18912704023235458;0.1519562463900461;0.2025078051509216;0.24044277100128061;0.19623580491601852;0.1879698616501884;0.1879698616501884
201;0.342990222891413;0.32884802748061487;0.16809985174431727;0.17839628171193617;0.13127347335573208;0.12738612499666208;0.14658520842960832;0.2073201528616561;0.29632773455374267;-0.054845113677812925;-0.06661910189507421;-0.10449216152446293;-0.10449216152446293
202;0.33247349043688323;0.3255262671317321;0.22038493856191488;0.25849891411694165;0.25885762117683325;0.23345940940483825;0.23282329142400818;0.15473517588031527;0.24524182933416785;0.21963026900721747;0.21716422601967367;0.2549630591024708;0.2549630591024708
203;0.35037628237996277;0.33826778627825016;0.06919276801560384;0.07570210526291002;0.08026269491105421;0.04318752480931517;0.03713844089743531;0.07252038995997664;0.1375667009007022;0.30558440777299367;0.30674374549199207;0.35271496236268063;0.35271496236268063
204;0.3621146812448128;0.3462033190154853;0.023440618061517166;0.016953974217507665;0.01884020580204392;-0.024902502913140803;-0.02654844223979375;0.06572448892632371;0.12423533669011905;0.2774738531035206;0.28078208940539845;0.3270555229783461;0.3270555229783461
205;0.21871128041032067;0.04963296999689245;0.15182850061421857;0.19462073370505292;0.15002522610478974;0.15610506259708212;0.0466661836984967;0.16983375444305593;0.12196977839238596;0.04059506471599973;0.07453789812582247;-0.018400480277966556;-0.015123742690593472
206;0.020550461071353776;0.26792483027707203;0.12027275265607211;0.09548418188923183;0.1297634303243469;0.025110610578734413;-0.02440563958697941;0.021744119365626587;0.029490886603443765;0.016355721333168545;0.02894523622072485;0.02894523622072485;0.014646530797208438
207;0.3200815979740875;0.09467567774534073;0.25135670367871277;0.3733278894334785;0.3729655187525472;0.2470702271765627;0.3021034314380982;0.22248849965510528;0.2998360056096845;0.3108125687455806;0.2984692834188554;0.31453897735574826;0.31453897735574826
208;0.012969749407646627;0.33072744300009504;0.1745341516637138;0.12233604745257588;0.1545477478353406;0.12405387110246947;0.12917458617819533;0.18997538065294306;0.19650553419306802;0.13404056352296634;0.12462544068450525;0.12462544068450525;0.14408805521801918
209;0.029334509768119535;0.3095459261432309;0.11773301906897038;0.039398010563309126;-0.004214218411750938;0.27734927493708783;0.2201931696254362;0.29415652253688934;0.3340749936486523;0.17597149000830636;0.19832847339276366;0.17766305536104599;0.17535148002729858
210;0.1827842003868211;0.3517859183044605;0.25652375164286195;0.25555424521790243;0.1164722182751397;0.14919598195150974;0.12059692416868416;0.14780511272872218;0.14518056206001342;0.11295046499548252;-0.014629759506992756;-0.014538777657696261;-0.040877727102434744
211;0.14968259682311813;0.19712949917367834;0.04518813263283484;0.09580200104987538;0.1009892938116308;0.010523515632727635;0.03409562166487403;-0.02919590517299034;0.05952842431889652;0.12262711173497266;0.12215482296433791;0.14067997664586768;0.13724197046975178
212;0.1983516523400998;0.14824242472093066;0.09520965735577805;0.11481049925333803;-0.0840407942367571;-0.10923690156495314;0.06996447377838824;-0.0391136147759576;0.024699111157872808;0.018973144949802793;0.044847975413564826;0.03225023372134388;0.03898147839989458
213;0.2580044572062261;0.09528447750890455;0.24032378300690993;0.2557178082602168;0.25703603521086665;0.25972905137977254;-0.19017545148265289;0.24520217525989563;0.15624219211680515;-0.20573121937408878;-0.1609172535278079;-0.18615263268622767;-0.16262345048224966
214;0.38459610735353666;0.29636456390975036;0.2826466172436066;0.3526774800733345;0.3178015200628609;0.3529535689570498;0.35940945411095165;0.2984087459327345;0.0678067562616595;-0.004396396222690252;-0.008805781378151575;0.02516182238657345;0.02516182238657345
215;0.25950998580281553;0.11220745703896094;0.28056245867170715;0.2204999484530883;0.24546053662165992;0.23932996296895995;0.26167919977275217;0.21345769558885588;0.2564760642352944;0.2832544638198152;0.2883581221643378;0.34527670582069064;0.34527670582069064
216;0.11574311475967745;0.04738575337453622;-0.039526407163028875;-0.0016742662288321587;0.10900871636590202;0.08256263374690838;0.026404327926224;0.07511274159818386;0.07966149341479604;0.08159564299178423;0.08854781169171347;0.08985857818898416;0.42390965023677063
217;0.131167118426606;-0.11554479594440092;0.1638989836296655;-0.009772444916856969;0.07896300059983388;-0.040024852036956785;-0.003197007474892228;0.09459391299232446;-0.057148818594887;-0.0005127834810027728;-0.02214986804939236;0.0977505605492005;0.06977505211794237
218;0.11889504035063156;0.21725490284513255;-0.04114354570034454;0.07355761686299521;0.09183996296378222;0.16835517956033483;0.11260526541348648;0.19732444924834072;0.2071817234414156;0.08321631501452036;0.11257175143969204;0.12945101802180092;0.12830131291500604
219;0.34769633161278224;0.33009784641920575;0.17467941256299566;0.17236209720823276;0.21614508762716733;0.1680082235438866;0.15625444439414918;0.1879708069813761;0.2043051664522002;0.2543322640691235;0.27272862640213047;0.2761239868156741;0.2761239868156741
220;0.12611164113609452;0.14100724571607573;0.016682148343695125;0.12163337612932412;0.15944963721754746;0.14423069477144154;0.07226564343654471;0.15727425449936883;0.17308443415398772;0.0613994783452121;0.09205258236995513;0.10380556526617166;0.09788368426141482
221;0.37234197047165113;0.21707433044221958;0.31707350522904926;0.3985948204634388;0.37802811745252846;0.34289759645961043;0.3569096238781826;0.3267357853733221;0.20759514993365877;0.1638250231476596;0.1688913617634674;0.18724187970983283;0.18724187970983283
222;0.015883678920509656;0.344417693710787;0.18260334069421544;0.08742773504408131;0.09397207714175919;0.26615086181018766;0.2492003669013224;0.29782474578157403;0.30081980972615735;0.24959571544586526;0.2712393916904137;0.25846164867966764;0.26208443820554145
223;0.08119146953101197;0.27954603978678116;0.0852310675027303;0.023692713993250222;0.04036855600944273;0.2211372105200612;0.17248916415353285;0.2465944544442884;0.29006789560236196;0.1370778703916819;0.1664892447690108;0.15698319260941362;0.1566159195716725
224;0.10801909003258921;0.2666126966810664;0.07578052122341636;0.046674106606146085;0.05253707129007382;0.2207503352093337;0.1726619857936177;0.253190807419757;0.2994337893251903;0.14340048837824315;0.17333149311695228;0.17124209240655025;0.17181572914523
225;0.13295352854325626;0.36893498976893185;0.2548658539944303;0.2116771876899049;0.18739837528109712;0.24083361572782797;0.21207143505398915;0.2344734001241246;0.2328271377269398;0.24634557316810976;0.268903168415296;0.268903168415296;0.2700105725715588
226;0.2978372830762334;0.3009517449374903;0.13399249428520527;0.1497372758639661;0.1559623065400203;0.12609011769830217;0.12230876175808258;0.13159307372605714;0.19333097575379823;0.22811452181057584;0.2226563327729044;0.2569747679112526;0.2569747679112526
227;0.11193408755249476;0.2662698399231954;0.06812125353425688;0.05748705459401969;0.07061816630504125;0.23217616330253932;0.17769278026123556;0.2632065386754448;0.3116251898373713;0.1467671438603222;0.1803782532051399;0.1770755925670102;0.17635685736606385
228;0.01761732340199142;0.3394432528272525;0.17107903805941643;0.06854951421395648;0.05189451334350026;0.3334688811765407;0.292019446091909;0.3560329884237929;0.3592194113816604;0.26968601951237337;0.29655785256747025;0.2774680569345687;0.2771546631785267
229;0.32010305763227714;0.2088955663680989;0.3015219076441919;0.3276511985717331;0.31493500460604107;0.32147877564320937;0.3335658737302345;0.31631086756673626;0.13945342663791818;0.13331896448497615;0.13631280723651898;0.13269837095204323;0.13269837095204323
230;0.3955781022262076;0.30762310863532255;0.31680684958298366;0.36911250092190784;0.3247599621625531;0.3698097785457055;0.34885218343753943;0.3258043558943912;0.11444839600664702;-0.017184682565215013;-0.019009770598701542;0.01048901888366242;0.01048901888366242
231;0.38038915249746624;0.33632750841455034;-0.028218474559713307;-0.11426569667571342;-0.05661988183118794;-0.11585331691492554;-0.14053476563161307;-0.03755423819716368;-0.0004320613084626313;0.2890085095991658;0.2881119977224695;0.2600803388867568;0.2600803388867568
232;0.3157434050750778;0.14465224081223035;0.29171230539598436;0.3720198699746977;0.3768706967302687;0.32042262651119735;0.33774283352289913;0.3131364194888531;0.20275515534312996;0.2907830017964998;0.29257781958008394;0.20214689229271793;0.20214689229271793
233;0.3636731916486574;0.20778991554731288;0.36480479582907854;0.39586428553641984;0.40074271076273627;0.3935304181608798;0.4442429099166011;0.3914386487537675;0.29451856409969335;0.35710014037741983;0.3578100313110356;0.3107774005025707;0.3107774005025707
234;0.34151776972098535;0.1727112748953029;0.3319537161640987;0.3959034178228817;0.4078763028757424;0.35509198873767756;0.4054423876130431;0.34917506312265584;0.296351143704177;0.3651626343222014;0.36761165009228847;0.32903408340549495;0.32903408340549495
235;0.37292912371105486;0.3268990173424275;-0.07864205576451867;0.11402405535739843;-0.09509398826433649;-0.1520216523237693;-0.16860146959592484;-0.05334305004742806;0.00832155417940823;0.25737015314464495;0.25745041674051883;0.27173207171765745;0.27173207171765745
236;0.21153005669574831;0.005858476076352559;0.1674803112933458;0.23285232182221885;0.21101373886366087;0.22472019748168323;-0.09681504276043637;0.21074742413016082;0.17673586639718727;-0.11959637689488024;-0.08865052299878193;-0.11932659517070864;-0.11374365231419704
237;0.23081452961274987;0.12904099938849536;0.2479105256895364;0.19321892875289473;0.18114149844083208;0.2009184144711542;-0.15327707887632613;0.21049740029941263;0.2560426079885304;-0.155342279294685;-0.11838012799037365;-0.17010154829912694;-0.14749777674751133
238;0.2244435150043023;0.0935783739844609;0.2265147622886739;0.21147833004862623;0.2121194220659587;0.22739963405304567;-0.06149550955448065;0.21830869929257535;0.25450126063971;-0.07656149746956127;-0.04343834889351401;-0.09173030238792046;-0.08171111420603346
239;0.3020217461831141;0.18755283468716863;0.3173120184561522;0.29178902113702937;0.2981829307280872;0.30892882122766274;0.3431973246609834;0.3013214955722158;0.3282625896241542;0.2560475242391431;0.2560804822818688;0.2905572692587898;0.2905572692587898
240;0.16431755537914575;0.12758297976490918;0.11909527793860654;0.1885301542321206;0.22830615014718655;0.07657227452620884;0.12738577946215976;0.06518419903550943;0.01984526709029997;0.19994163069250764;0.18913831451331634;0.1579758237451127;0.1579758237451127
241;0.033177073522878284;0.3390967420824705;0.1616321982128655;0.07033803645091488;0.07360473876709483;0.25071541478161286;0.23988720219434867;0.29107686935418925;0.29696858454931546;0.20181543257582032;0.2239050562624387;0.21938147214016088;0.22292500162749024
242;0.36103919240138205;0.16384662509473022;0.32558142727158634;0.3614144175682464;0.36250303111398796;0.3340089179768911;0.38465889905854966;0.32190825773242815;0.12524392009766724;0.348823827907721;0.3512781395817701;0.15198086622784823;0.15198086622784823
243;0.09118570371349004;0.4019872058938971;0.24909963865291218;0.20255430880332534;0.16663776315803894;0.2999082547286285;0.2729956032221681;0.3130101609419274;0.31541933594483273;0.297143397931004;0.2955411858002964;0.2919396139932509;0.2797548080891949
244;0.15591436955742988;0.41544946198585353;0.31127253631753565;0.2915514080694891;0.30789429445351785;0.10802515763852077;0.09278229606059278;0.1321557208878807;0.13127803220609469;0.11891598433124666;0.11458852835600587;0.11458852835600587;0.13002542206645434
245;0.12569990864040556;0.25548343960983577;0.005449543679979845;0.09768648178637067;0.14332928387036878;0.09548777051987667;0.03455313777290028;0.12508226125918553;0.16294692336115363;0.051195942516186664;0.036716940698129114;0.09874133841200967;0.10065728756374223
246;0.03591180310749438;0.3296084126194481;0.10370106546262803;0.022454929318623747;0.0102877171420863;0.2385592905947065;0.19034581301029818;0.2612889387530896;0.28136243484992457;0.10173962072085008;0.1066409857233967;0.030736880660503847;0.029370775477174028
247;0.18998407492224367;-0.07096288097594536;0.20947666485208505;0.1884660564252382;0.2756906785601778;0.1584056555525137;0.21275032528044144;0.09469873978493033;0.12689765353689522;0.2261372143841266;0.20022247783937736;0.30937519022711346;0.2939469056365307
248;0.10679405431832792;0.09797112600217263;0.056112640790887944;0.06725164006003188;0.036872905842451606;-0.001875615179079141;0.06273088792817562;0.008963969123508955;0.01992718468928241;0.04900384467050082;0.06203757194380717;0.03269011363837264;0.027317249047073746
249;0.3982389003530039;0.3085973686552309;0.3437843299521603;0.3146826588731398;0.2693249128006214;0.31514035933689527;0.3740723143810183;0.35423955766943505;0.2091334163365913;-0.11030723675344338;-0.10804545474413685;-0.09893893264481607;-0.09893893264481607
250;0.2897639485423748;0.2610403359644835;0.28555305499196376;0.23236615753914905;0.04993081031880485;0.011709625638156862;0.011620989958620329;0.02691427868209419;0.04022241889537314;0.06641756959363847;0.14335460531050995;0.14885656446174145;0.17938347056757245
251;0.17185111448436144;0.45926686772941777;0.3178080935320308;0.31028364159429217;0.2624852178837433;0.10788901074161157;0.0753861482450374;0.1234617601398334;0.12489996864753078;0.09038111046857951;0.049183053678096236;0.05048868728817883;0.01914200926535708
252;0.16014560066191696;0.4504060140911881;0.3570777365015611;0.351286370200793;0.4045793223098272;-0.06052020620563479;-0.0587861980409115;-0.010732540768364099;-0.012434184539055622;-0.03821038153994605;0.0323297689169811;0.0323297689169811;-0.0323297689169811
253;0.2977079864262101;0.25017005748570714;0.008880124859938285;-0.07267659686650764;-0.0836894925884872;-0.11859992496843089;-0.12079297493106278;-0.017120039156210857;-0.028798716629651337;0.12536854579364134;0.12669178830230596;0.0246334627724293;0.0246334627724293
254;0.37691030448509005;0.16433384858705363;0.2236688171102433;0.2068006770566419;0.04390013783906179;0.0784618078113312;0.04058058559685111;0.09631670526099874;0.09631670526099874;0.07724467075407153;0.10952181881754518;0.10072755539249656;0.07738978098010045
255;0.1991025346706354;0.24719379580029213;0.23940012738480423;0.2521161993042943;0.1812794109602506;0.28817866092058153;0.296401358732993;0.30637310593702677;0.3061224308790237;0.2878097479835124;0.2502323188857783;0.247751666692685;0.23799948520806025
256;0.11411980783566304;0.4184031581109156;0.2391676137431961;0.23166547354341796;0.19462806755532208;0.12122899206255695;0.08580173266311628;0.12021358779165196;0.11419631069536541;0.06596516986023725;0.06801868119071634;0.061222547950372755;0.09204019141147497
257;0.19465034059466155;0.4368712153904028;0.304380791332279;0.3112708469246957;0.21027501206020852;0.04402237769240117;0.0024834491997955074;0.054419927701424474;0.05061828262177775;0.01683278820635476;0.07618323942088936;0.07277723750129804;0.103670979456236
258;0.18593520317201523;0.4622351561839772;0.33337381499918656;0.3384361312931735;0.33860277614712403;0.05717590805252381;0.08238618245662477;0.0403804526951693;0.04565011339011196;0.06126527398565306;0.07841621397660667;0.07841621397660667;0.06762006030832228
259;0.30210703338366385;-0.04052652408203867;-0.055228274880291486;-0.0327208638345092;0.21829250882265475;0.22743485787482065;0.19742361624428223;0.012773285689226019;0.004365880430541929;0.00017685551562018236;-0.022087032568362367;-0.02822213485398485;-0.054287515281558577
260;0.10420417691371789;0.20486478900841965;0.09421999139381683;0.02099219315036209;0.14660512072800433;0.03347430740463181;-0.01689190027417674;0.1261361773276414;0.0920143476160358;-0.026521582433657223;0.05867354100089536;0.06386529830224032;0.029208272528871666
261;0.3580606723268846;0.2993475892348064;0.2581769138788418;0.0888893759749188;-0.00743194047424386;0.06011281811036928;0.13306743960209377;-0.22844005871813108;0.18537016297637107;-0.007518907755334591;0.00446742022371995;0.008452344642296496;0.008452344642296496
262;0.23193861530961968;0.3909830779403633;0.32271470807780334;0.3132835971462218;0.14514232176598219;0.08376553264197491;0.03589852842641927;0.0741696709228401;0.06956550363292568;0.05904870473393963;0.06079470372042913;0.05875755385752877;0.0925079168862318
263;0.3175448792055881;0.0669314020467639;0.259450727825727;0.37521408987542443;0.3826667356190092;0.24749854527342752;0.306227255263512;0.2278706615130192;-0.12188025899526476;0.32844475115576904;0.3139467090911266;0.09962540538689033;0.09962540538689033
264;0.20975927190293392;0.12476567057375317;0.11220458905112525;0.2356054177860934;0.2726571514951948;-0.006979346052332133;0.08216890587595171;-0.03180402746605816;0.07175948820458304;0.1327034778906657;0.10185728474185078;0.11328572506615692;0.11862132953864161
265;0.312677864358741;0.04246677356218353;0.27445314084615613;0.32622122711804147;0.36079558873904033;0.2592474668869635;0.3093481549996522;0.23937459058674362;0.07580381222876836;0.36099798294232754;0.35144009284641736;0.15096888544975734;0.15096888544975734
266;0.3418969010676975;0.1610174069891052;0.34272113149291866;0.36328903849690075;0.379303076830976;0.3570217692713215;0.4135111280577024;0.35511522070160584;0.2943669390686005;0.4088774798554289;0.40950506621533017;0.31843340901734274;0.31843340901734274
267;0.2939467719443843;0.013889887759547671;0.22626920044335044;0.3489636398732355;0.3640092370570923;0.20422864162128543;0.2680315235752899;0.18084528939825906;-0.06649959758152484;0.30108287797464406;0.2861956563552632;0.02855976403098382;0.02855976403098382
268;0.06667206890394796;0.27780321105096456;0.08731279379848561;0.011353376266496441;0.050274541998500934;0.25389001452373994;0.19437689315503096;0.27343394313090214;0.30909073610704507;0.15859887122644298;0.19176229446869048;0.16465614569933873;0.16031831830165094
269;0.2694177214526314;0.016510101232187758;0.24962925409991357;0.2904822700937396;0.339299921797595;0.22883876429939948;0.2874977738804663;0.21627434014486036;0.18612368720810898;0.34550793982936123;0.3358256854615255;0.24270266303390436;0.24270266303390436
270;0.0014158383906898457;0.3401071141663969;0.15316959916321735;0.07150723383342479;0.026666734101174684;0.27766206426082685;0.23247212603927558;0.2920960284642461;0.2990946338859733;0.17881006285374168;0.20230410672616697;0.15939368096571607;0.15603894884225353
271;0.2472801912874013;0.1435172315748877;0.17844570542364568;0.18223093798852552;0.04830915462851381;0.05977280800277749;0.0834637800914446;0.07780583612338682;0.07780583612338682;0.06519763327800769;0.053771993607331876;0.05013450247719274;0.03394211025192986
272;0.2754794934664902;-0.056046470618924024;0.20568286692331675;0.3155581621807444;0.32561547110984584;0.19353115562480822;0.23782660669933092;0.15601615403340846;0.07776719881845531;0.3065071120246609;0.2979312916613888;0.21854210247189673;0.21854210247189673
273;0.31349790593421695;0.029832276147494827;0.261715967148685;0.38624394730216605;0.40345478433311527;0.2479726932650934;0.3117671233301237;0.22137899399368663;0.08811319332190641;0.35673266630689476;0.3457913357209825;0.21321461363693822;0.21321461363693822
274;0.28445765637683895;-0.004773372060724088;0.25896412695488097;0.3643489613850812;0.39592390921697534;0.2475528183881106;0.31529634921755073;0.2310960706892103;0.2124796692249834;0.37743986852897426;0.3678512458834383;0.4051004337956309;0.4051004337956309
275;0.3035837777606588;0.01731968242438874;0.2730119826037487;0.3676986998226431;0.38904336193960865;0.26712487891643527;0.32179614240391874;0.24481686141390752;0.1984926045458952;0.38664887475849286;0.37935154792346343;0.3332336828992608;0.3332336828992608
276;0.08229833135906234;0.01950732013078441;0.1585262896925195;0.03966808850842929;0.08655368962918628;0.07343630365813564;0.06757510371913629;0.015919902361297266;0.06515825958914528;0.0606294832297342;0.07343774171427052;0.14894679628015076;0.14069087525680765
277;0.23543534332844127;-0.07102833584307969;0.20536386385531127;0.30141904003703673;0.3415603514946321;0.17293087977889618;0.24031622069685207;0.15836867377051014;0.1525162079381951;0.31080496783072764;0.2997859869348831;0.38221687865843273;0.38533077791244874
278;0.2640668807624254;-0.04749304828862572;0.20956363302031394;0.3092728719344687;0.32532209489244573;0.19644601770945885;0.24022657196687378;0.16257358689616275;0.13261087022993645;0.30947915086836303;0.30244613810995125;0.322093580285817;0.322093580285817
279;0.2822669373255573;0.031199663918369654;0.27708416684237813;0.35977816389839007;0.39427669183975667;0.2818218917068387;0.3386106226226361;0.27073411741992937;0.27336913087916886;0.3958802414453433;0.3893413005167565;0.4461365563789386;0.4461365563789386
280;0.29281894468648056;0.035342234259193334;0.2790838209744506;0.35552097761271356;0.38249385941167086;0.27983247951276957;0.3266580496553157;0.26245903068668497;0.25871322870267593;0.38938538172938375;0.3824593524147488;0.4009157966771755;0.4009157966771755
281;0.2720519872197509;-0.012696524612744118;0.24176863516855387;0.3246747134581679;0.34205007104599083;0.24879919911676943;0.288013297285066;0.22842427331107223;0.21994055347324512;0.349095184198642;0.34317223786891093;0.3765770204765839;0.3765770204765839
282;0.28296165904679227;0.03855313546344971;0.2794005494286178;0.3495549580585418;0.39051968440772605;0.2820629171285733;0.33680893856742417;0.2725804226036321;0.28378440143990447;0.3911738684770077;0.3844065847476039;0.46058489442200723;0.46058489442200723
283;0.1819834276461482;-0.0362200124822631;0.1939113548428046;0.21882207038404777;0.2771962303720778;0.1630881572564987;0.21479153921635635;0.15356402874633135;0.193652857968369;0.2492464341139814;0.22833632313575947;0.3405488101036716;0.3302039579041738
284;0.25743963048303065;-0.009837435841647176;0.2522762634517908;0.3371823320519889;0.3730662373204669;0.24635362601095195;0.30444551258850505;0.2359115341750743;0.2441354147759738;0.3689532061804541;0.36224786107409507;0.45310792459658505;0.4554916831868572
285;0.34533026048831533;0.24016008858184182;0.3549917752915313;0.2617791007525939;0.23770699317038743;0.2700981367322024;0.30574831336780134;0.2898435836827796;0.25807393301176823;0.17253685778767985;0.16690037498690283;0.18295978497311752;0.18295978497311752
286;0.17832974554812372;0.15875930542197284;0.0860631993381238;0.20819224070450248;0.2567602420573324;-0.04244042859007649;0.042047030381674004;0.05122282689822341;0.08225033025194624;0.11856285295057219;0.09666223183001008;0.1675427133212289;0.17295398150953661
287;0.24265425203652002;0.01694861472340974;0.23773531315258595;0.24721299073365405;0.3033908294015672;0.1847114617781042;0.2569843129560153;0.18084099184174937;0.1758212069800987;0.3066427408463519;0.2975977042057766;0.3645812228863065;0.3645812228863065
288;0.3428254059112214;0.23168974591750666;0.32187419555624724;0.3024336505675704;0.28130365843707567;0.3039856006618415;0.347147555672885;0.33049249251268753;0.007256846179167346;0.16781185160583093;0.17237355874401294;0.10547719890440065;0.10547719890440065
289;0.3424415030509198;0.23169857736214805;0.3233886277086747;0.2993581751481014;0.2789653805600535;0.30151318201643296;0.34807229744710577;0.33392822203525124;0.031648432367872396;0.1716421608564215;0.17595926630437217;0.0833853976822613;0.0833853976822613
290;0.3126555872811612;0.11514895285509526;0.30965292579166825;0.382707884377424;0.4147999142596775;0.32513009716577457;0.3842320831603523;0.31837893740783846;0.281264125367443;0.4181996231013736;0.4112941606516186;0.34120933025876243;0.34120933025876243
291;0.11034949318914258;0.3431118497860026;0.25537623565796114;0.2326763309512529;0.24745522662324154;0.15370238001577965;0.14311589400767086;0.17402641596037563;0.17279458860644584;0.17126209638868034;0.18071882508321443;0.18071882508321443;0.19181293069460748
292;0.27731896952649193;0.2535615150942797;0.30035369218466057;0.30193949592043334;0.12895771744327347;0.1032690885531524;0.06519845865978491;0.07230143903064865;0.06384135838775602;0.09883548204375031;0.1058045274170788;0.1058045274170788;0.10712435753945827
293;0.2901699329420998;0.28460967280762955;0.27242364680552933;0.3145505750723509;0.21930962443684412;0.18226194990003214;0.1747943654115269;0.15987996093820728;0.15987996093820728;0.14187051121402453;0.1537319390325958;0.1537319390325958;0.1537319390325958
294;0.36221067203253066;0.28971196765827417;0.31413038668928805;0.22262861541259796;0.17449835257438503;0.22006823684254048;0.2771111165304681;0.28351180284508287;0.22893045910347715;-0.08802644759599515;-0.08334357354254374;-0.0766377408165249;-0.0766377408165249
295;0.31357695020427095;0.31027196581204614;0.370131598705151;0.38075411843542506;0.24236059340492597;0.038492200980959214;0.004959615309328909;0.017093964576783027;0.007426593891408438;0.04255558811544766;0.0458312741148942;0.0458312741148942;0.05453650021024546
296;0.17047153083139718;0.29936016550802086;0.254267371808472;0.24211781098047253;0.14601982422079657;0.2504052921615871;0.22296927175541725;0.2415530117687385;0.23819741140034498;0.2508604163034388;0.21723141194869697;0.21751139325222824;0.2038037572310066
297;0.2831232099223379;0.16535876516549514;0.20680754755292458;0.1941219129520654;-0.026620036800965374;0.1227668609589988;0.12843434736176768;0.09337654056697688;0.08735715413438665;0.14291190328615416;0.05853448864810172;0.05853448864810172;0.05443203764321174
298;0.2072422085224655;0.16381114743998923;0.15562604898016605;0.164338331361519;0.027092814301788854;-0.007395798073292798;0.0026325234648698717;0.005082036059082074;0.005082036059082074;-0.011741941664271211;0.007988028555497859;0.007988028555497859;0.007988028555497859
299;0.1076346414924119;0.18141455679748172;0.17843180123812422;0.09700856177903487;0.10865057883081568;0.0895736702183031;0.11492041738722915;0.10874673818536523;0.10826079638800126;0.09990727087475458;0.09440929794558021;0.09440929794558021;0.09440929794558021
300;0.12916680197285452;0.10839525518704833;0.1120298406256727;0.09276680520441492;0.019867262395052956;0.15368292250742197;0.15916981506962077;0.13833690149223724;0.13267201292680345;0.1408858021552064;0.13214986637087275;0.13214986637087275;0.12193108449942887
301;0.13502650211668898;0.2904626649590351;0.2197078148628339;0.18930074750698794;0.12674782931956832;0.308224488675519;0.28245084484165256;0.3019575137541624;0.2986885275905474;0.30448640964369084;0.28034358123810166;0.2804405039131542;0.26718210400020365
302;0.05046149245504206;0.3314334502668957;0.17485298254271225;0.18345249756476725;0.19791751286427242;0.046606858246096235;0.047539509022658154;-0.013303246783190349;-0.00680445625989132;0.04847306152844076;0.04784469142501813;0.051073768598668814;0.02315659860056514
303;0.26786990580818293;0.27090352437612836;0.2680840794811844;0.2975665871415123;0.2293532481636643;0.1961804365295204;0.1949031454444178;0.17283550727794522;0.17283550727794522;0.16142814750773948;0.1674165355865607;0.1674165355865607;0.1674165355865607
304;0.2876404723976048;0.26269127583137397;0.25394308863133835;0.2979727437316552;0.2034802173005205;0.15960203919906557;0.15611699909885482;0.1260166431418321;0.1260166431418321;0.10183150214411263;0.09969814697040956;0.09969814697040956;0.09969814697040956
305;0.325430684938898;0.18428334734922935;0.3021241435740975;0.31769108052158146;0.32167873281565684;0.26521030583903726;0.3403207076742538;0.262910148708896;0.12476192889875068;0.22777733967630742;0.22958766497053987;0.16013451427851635;0.16013451427851635
306;0.2677054517537709;0.1364406583277788;0.2940368259923235;0.13194467928976428;0.14500328311626032;0.14322800948041461;0.16454139634169831;0.1394792653645825;0.17679149257305773;0.2136609808531363;0.17507848885131563;0.2633538408813822;0.27117668144121043
307;0.3477112850926402;0.24130155688121024;0.3538913245734258;0.29032632987959034;0.2637207425576511;0.2998276444693869;0.29997808044214047;0.33288410480813;0.25702073821669863;0.20414697935617834;0.20346990516647162;0.20493257231856224;0.20493257231856224
308;0.28391566665557527;0.38984001731268925;0.38771400150261015;0.3982950411403248;0.23581254139548927;0.06419632312761683;0.019656802182394333;0.049915912073613754;0.03923546480909377;0.05083610941183913;0.041716644057468076;0.041716644057468076;0.04917614333611797
309;0.09601802029283751;0.36435381326603006;0.21591525114151358;0.17413730173260805;0.1603380554842733;0.18290043799192104;0.15754312960406372;0.1881583254713006;0.1820029769316881;0.1829578603355594;0.19440346783273493;0.1797017529618201;0.18011161378896573
310;0.2096636033925702;0.30196602843404313;0.31219889173119214;0.2540875014853562;0.24226037934221129;0.21073167762577624;0.22216460584354547;0.21927698901516002;0.21927698901516002;0.1937193296999814;0.2211398181693648;0.2211398181693648;0.2211398181693648
311;0.28674867363075535;0.16415033634224332;0.20077731462185522;0.20724761207177972;0.01710724299251568;-0.014780348232154341;0.07050722988577628;0.07324238789320667;0.07324238789320667;0.06933642589980847;0.028940867931807036;0.03302116629464263;0.050782769982000375
312;0.11866772732495168;0.058872196528593136;-0.12675343775165335;0.1488642079812518;0.17281683150090596;0.1493571394663449;0.13140887936076823;0.11311711049658327;0.09695797881816114;0.16802162671488138;0.1947108677996884;0.1474947811336973;0.14512589881552623
313;0.15642318668584174;0.307237198321556;0.18403973625153694;0.033727236098533744;0.024122501480290753;0.03683911807508128;0.03535393904342264;0.14934337835215336;0.15745038515547324;0.19483223890349788;0.23586293154197918;0.2355229543486218;0.26104027936054247
314;0.21198775080818558;0.4524242634590165;0.38579725641845564;0.39757286982811696;0.4241501693033902;0.20798322649439532;0.20197569097657853;0.17729122157984276;0.17799796742931315;0.19173824365420364;0.2156317045733022;0.2156317045733022;0.19322401730363944
315;0.038389815525973515;0.3162925318667182;0.11699103285393063;0.012897468673061522;0.018988521957427812;0.2768492153435983;0.2192451356612002;0.2957155920450981;0.33023529786884986;0.1713264431687746;0.20030200613534166;0.16874450614519004;0.16469187053767273
316;0.09128013131694267;-0.06129864554024126;0.11263938494705492;0.24996141105145483;0.2531680415262033;0.25867835951835805;0.243931235410234;-0.10086126167330736;-0.0683995901327794;-0.011539766318903282;0.13382144219996417;0.13716921632910134;0.11691187114924888
317;0.35154475899131254;0.32923046383429566;0.3140987500249736;0.3676869333666979;0.2422424528362178;0.17483914715013085;0.1628172282345153;0.12465946733865806;0.12465946733865806;0.11461747871299538;0.11947174602599406;0.11947174602599406;0.11947174602599406
318;0.37562270785614427;0.16816414655524506;0.24123933197200642;0.24712681107765103;0.0825729036992967;0.13878731454692333;0.1681134794570745;0.14429380255923344;0.14429380255923344;0.1539651056379691;0.10129409496279025;0.10129409496279025;0.10386827225845512
319;0.3136941701167076;0.05824523719846778;0.2788562670729362;0.39199755890485494;0.4157219944225691;0.27237283606074747;0.34146737880067884;0.2548410646070015;0.1581001643881246;0.38148066314058643;0.3706213100581583;0.24220669380037538;0.24220669380037538
320;0.06495103678715058;0.15556503924695375;0.09552001597837893;0.04283091509310349;0.05676902789976166;-0.002972897044007349;0.05866054992308161;0.16036077178071773;0.12655797591618945;0.0787584440679764;0.10323768629363325;0.012973409527024615;-0.014741550093325492
321;0.3854012634053755;0.2712990980459367;0.3757584502284368;0.37918262751027515;0.35903360539012635;0.3908011864245948;0.42590501452493706;0.4054013945848678;0.2560256212671568;0.19432124065041473;0.19646018173854407;0.1987652963905444;0.1987652963905444
322;0.3063179699872194;0.39061547939938457;0.4023162743388465;0.3959328958075245;0.21995059122358487;0.07589108476817397;0.11703678115382327;0.08527332706926248;0.0939858373383013;0.09133803277101842;0.05240448161697968;0.04738785344523701;0.011429705641459818
323;0.2163346161134339;0.02802604920589239;0.21124968437894437;0.26073887381089705;0.30678374809958214;0.13762458404926017;0.21134421004873163;0.13845294441383071;0.13001443133779686;0.23966246914263117;0.22145452066849972;0.2718964942659607;0.27678388685991945
324;0.2973027594973453;0.3456802831140688;0.3474326773660814;0.33177726425476917;0.28153436238696783;0.2319102891155453;0.23469506343595006;0.21492430612726457;0.21492430612726457;0.19967934915916616;0.23123703525845188;0.23123703525845188;0.23123703525845188
325;0.24444204845786013;0.09574743690367837;0.10241537075537938;0.020079242866153094;0.15279195906315515;0.14789573571956022;0.07583775051891087;0.11778457184999215;0.12700239846403857;0.12854309198938152;0.16548017597853792;0.16808957134625505;0.1925164092201582
326;0.009494225649945046;-0.038105963256495325;0.07219608985802727;0.22695241555229895;0.11612605734001671;0.14123111922007112;0.23406223351052224;-0.12780162514457383;-0.15159039205481187;-0.05294238943471014;0.09762747385813247;0.09817809859906892;0.08275087893258712
327;0.04222106027124111;0.23478783140942158;0.09384881886551712;0.010804269409961185;0.001552069444927976;0.2562375610880479;0.20224985895051992;0.2689488360865675;0.30063694405261654;0.19628557974376742;0.2261246890568466;0.22473009288604595;0.22157887820961342
328;0.1625864071402888;0.4209659401638526;0.3289229856825815;0.3150235064168804;0.3382273713308669;0.13923737028360494;0.12080407343385591;0.15602390399880522;0.15119644985202596;0.1600159999941609;0.16905851500495897;0.16905851500495897;0.18213488327567812
329;0.05517497791539975;0.3839127471406652;0.24317273236051676;0.21948816756727965;0.254081295936948;0.07367676431553072;0.07057901153946873;0.12959191220233723;0.12769244345327982;0.08395831453207835;0.07098880109089747;0.07098880109089747;0.09084043692844522
330;0.13778606079381797;0.42912550506410085;0.28356736723423526;0.2705513065783494;0.26300452513917616;0.13696086872904908;0.10931411676912343;0.1567099202297765;0.1487416497820102;0.12731295874968931;0.11854986731495824;0.11854986731495824;0.1284690229955628
331;0.36777635774453676;0.2908051702896579;0.30489152276856385;0.3143262436939523;0.2712353695406491;0.31610113555702374;0.3037575151931491;0.2950225061952031;0.21155300452082146;-0.016522521858101144;-0.014424408156158195;0.007519519443044885;0.007519519443044885
332;0.2355511098402034;0.19587071640218645;-0.05066911814186724;0.1575984414471184;0.2272181394238694;0.18904510129874258;0.15240789240548389;0.21095377026857628;0.21415352961463474;0.23604469210350745;0.20672788057806304;0.2064850650158663;0.20660707402851114
333;0.2119669879725502;0.1933904369443264;-0.006419882582874235;0.20069066199267474;0.2654596971685214;0.22833014075274558;0.1971945631328274;0.24520169159083224;0.24059241676609283;0.2513162702113581;0.17848965827854654;0.17897769482659912;0.17971502245574386
334;0.17376921034396745;0.37617171005224076;0.3149782207020423;0.3001135394912852;0.3041852672713992;0.2250676805386378;0.2041614449953617;0.23343141298145742;0.22837387249188726;0.2427521642311979;0.2572892278429607;0.2572892278429607;0.26537834863784715
335;0.03765468827068321;0.37907651672808174;0.21436363271839315;0.1906750531338379;0.20093484911521825;0.09889029403167139;0.08878084387274694;0.1446527968700852;0.14758270673736035;0.09972174333675049;0.09431994273074798;0.09431994273074798;0.1055867775577594
336;0.15952170282614303;0.36822370126897275;0.1971034691747185;0.12714913472516676;-0.018908920916686577;0.08874900352670269;0.04989582719239922;0.11727730222101715;0.12690087326931315;0.16783422454407282;0.24319384667863195;0.22960665692445723;0.2683969878276707
337;0.22416019109967045;0.252348841972568;0.2889936466760786;0.2835333775194538;0.14879890230004994;0.16927395853282096;0.1400595374945548;0.14134549094876214;0.13465704178466775;0.17479412974316394;0.18376690599410536;0.18376690599410536;0.1838784665386938
338;0.27250797093478685;0.06560636077311041;0.11221461820554182;0.09181162985765651;-0.012492049174599265;0.06026099972326636;0.05425616636680451;-0.022574748596640427;-0.015121840607806426;0.056060491524435006;-0.006916202936940141;-0.006916202936940141;-0.0031452931289267833
339;0.10638345672305806;-0.042847244150507786;0.0871909670097203;0.1005862305367809;0.10466357129191688;0.10645074122611031;-0.03996111635491431;0.06305298702408818;0.071009122811344;-0.059010543179738084;-0.0391572962553161;-0.06260677966692914;0.21354731850151842
340;0.07793235464099768;0.13827715111737746;0.04793862983336918;0.011012087439095451;0.05469864365147186;0.010786670700731861;0.010877327611858459;0.07741422582088758;0.08189140768202993;0.09698304054883376;0.12482275374870735;0.10036630501526055;0.47485796893649357
341;0.25894964980531804;0.37755981630171065;0.3402559251491494;0.31242531552446157;0.10978122047932053;0.03203843054726422;-0.0051863832098196705;0.02620400496772486;0.026710557739158442;0.004825020277984514;0.10376904940156144;0.1078680944300529;0.14146546116008626
342;0.08482336676066202;0.16028099696288217;0.03708427670215718;0.18232628677160753;0.026666667426227995;0.09078206008746131;0.22481626246090147;0.22278053468621192;0.2440283532030212;0.17904764515694283;-0.031236844347821435;-0.02945202193018098;-0.04933890293698851
343;0.1267933402734311;0.07849874145724403;0.09013231667561829;0.22745257475491293;0.04564409091399752;0.07110840251880549;0.19689421062352355;0.17728530734622272;0.2084301434758705;-0.1364784181526485;0.05164583047531666;0.05078053911135639;0.03420166057998305
344;0.06142269001608788;0.2950714496744194;-0.05310854187406842;-0.0045061872459502775;0.02216545551482965;0.049401825593467986;0.030069893121794873;0.19362135231092825;0.1895352421908948;0.17616414966435848;0.2399768175710061;0.12642367393967952;0.15951495896246617
345;0.20334083370175593;0.09080870927910546;0.28098769450713973;0.08572252446578495;0.08315237040576258;0.07797769147274639;0.07185265149469412;0.06915236045811013;-0.0009395429160150272;-0.05545385280918283;0.05669729546441856;-0.06644184108180701;-0.08022629369117294
346;0.3029842936188207;0.18099073167080348;0.35204089181375064;0.03427267087653618;-0.023871209141078546;-0.05180785192786718;0.06825023600829411;0.07922196482998752;0.15607615462924668;0.14687407503933275;-0.0767628960943537;0.16685216570338546;0.1807336899493708
347;0.1165579749936868;0.09251532436614099;0.1264137602473911;0.1786640101024329;0.22813957071653151;0.06988262033572192;0.11535000709763789;0.07518735941036786;0.1006176880218698;0.16744016152678354;0.1395858954500099;0.2430160127408172;0.23292699531814454
348;0.08449102920393238;0.22401167653917134;0.006194113644412987;0.058213070376604434;0.08188214439689698;-0.0283449539316322;-0.009279395239748446;0.0345925097770701;-0.03424285211013748;0.08273360215818423;0.08110685360386684;0.17393613057503501;0.17341345674376077
